use,year_built,heated_sqft,site_address,municipality,owner,owner_addr1,owner_addr2,owner_citystatezip,tax_value,parcel
PVTHSPL,1977,1674744,2100 STANTONSBURG RD,GREENVILLE,PITT COUNTY MEMORIAL HOSPITAL INC,2100 STANTONSBURG RD,,GREENVILLE  NC 27835,335221379.0,29132
PUBLICHSPTL,1982,678883,999 MOYE BV,GREENVILLE,NORTH CAROLINA STATE OF,116 WEST JONES ST,,RALEIGH  NC 27611,78026773.0,31735
OFFICE,1988,365756,417 E HANRAHAN RD,,WEYERHAEUSER NR COMPANY,220 OCCIDENTAL AVE S,,SEATTLE  WA 98104,11863992.0,39057
OTHERCOUNTY,1991,339992,403 GOVERNMENT CI,,PITT COUNTY,1717 W FIFTH ST,,GREENVILLE  NC 27834,60176461.0,07735
PUBLICHSPTL,2005,302575,2205 W FIFTH ST,GREENVILLE,NORTH CAROLINA STATE OF,PO BOX 629,116 W JONES ST,RALEIGH  NC 27602,81489045.0,47147
HOMEFOR-AGED,1986,275664,207 HICKORY ST,GREENVILLE,CYPRESS GLEN RETIREMENT COMMUNITY,100 HICKORY ST,,GREENVILLE  NC 27858,67721331.0,57242
OFFICE,2000,253726,1240 SUGG PW,,CATALENT GREENVILLE INC,1240 SUGG PARKWAY,,GREENVILLE  NC 27834,43237250.0,83188
PUBLICSCHL,1977,251265,600 W ARLINGTON BV,GREENVILLE,PITT COUNTY,1717 W FIFTH ST,,GREENVILLE  NC 27834,19516190.0,34282
PUBLICSCHL,2002,251145,570 FORLINES RD,GREENVILLE,PITT COUNTY BOARD OF EDUCATION THE,1717 W FTH ST,,GREENVILLE  NC 27834,35967670.0,91271
PUBLICCLG,1986,225362,1986 . PITT TECH RD,WINTERVILLE,PITT COMMUNITY COLLEGE,P O DRAWER 7007,,GREENVILLE  NC 27835,36589009.0,39984
PUBLICCLG,1996,152055,0 COTANCHE ST,GREENVILLE,EAST CAROLINA UNIVERSITY,901 E FIFTH ST,,GREENVILLE  NC 27834,21989622.0,37962
MEDBLDG,2001,142831,1850 W ARLINGTON BV,GREENVILLE,WINTER VILLAGE MEDICAL PROPERTIES LLC,1850 W ARLINGTON BLVD,,GREENVILLE  NC 27834,24589515.0,05181
PUBLICSCHL,2005,117336,2995 MILLS RD,,PITT COUNTY,1717 W FIFTH ST,,GREENVILLE  NC 27834,17756821.0,68791
PUBLICSCHL,1998,98836,4710 COUNTY HOME RD,GREENVILLE,PITT COUNTY,1717 W FIFTH ST,,GREENVILLE  NC 27834,12498062.0,58131
OFFICE,2001,97630,3013 J A MANNING RD,,HARVEY GINS LLC,PO BOX 189,,KINSTON  NC 28502,2791876.0,63089
PUBLICSCHL,1999,91777,3992 GRIMMERSBURG ST,FARMVILLE,PITT COUNTY BOARD OF EDUCATION,1717 W 5TH ST,,GREENVILLE  NC 27834,10132618.0,05743
OFFICE,1979,91205,801 7 MUMFORD RD,GREENVILLE,801 MUMFORD WOLF LLC,801 MUMFORD WOLF 2017 LLC,ETAL,NEW YORK  NY 10003,2949032.0,93219
OFFICE,1975,88760,176 LAURIE ELLIS RD,WINTERVILLE,ROBERTS COMPANY FABRICATION SERVICES INC THE,176 LAURIE ELLIS RD,,WINTERVILLE  NC 28590,2962967.0,28124
PUBLICSCHL,1990,86405,1700 CEDAR LN,GREENVILLE,PITT COUNTY BOARD OF EDUCATION,1717 W 5TH STREET,,GREENVILLE  NC 27834,10990938.0,28956
PVTSCH/CLG,1985,85943,2725 E FOURTEENTH ST,GREENVILLE,4JPII LLC,PO BOX 25334,,SARASOTA  FL 34277,9473765.0,39147
PUBLICSCHL,2004,84649,431 FORLINES RD,WINTERVILLE,PITT COUNTY BOARD OF EDUCATION THE,1717 W FTH ST,,GREENVILLE  NC 27834,13258983.0,08876
PUBLICSCHL,1986,83530,4720 COUNTY HOME RD,GREENVILLE,PITT COUNTY BOARD OF EDUCATION,1717 W 5TH ST,,GREENVILLE  NC 27834,7671534.0,43622
PUBLICSCHL,2000,82288,1471 HOLLAND RD,,PITT COUNTY BOARD OF EDUCATION,1717 W 5TH ST,,GREENVILLE  NC 27834,10493141.0,61579
PUBLICSCHL,1976,81752,3914 GRIMMERSBURG ST,FARMVILLE,PITT COUNTY,1717 W FIFTH ST,,GREENVILLE  NC 27834,5191704.0,28490
PVTSCH/CLG,1976,81011,1621 SW GREENVILLE BV,GREENVILLE,PEOPLES BAPTIST TEMPLE OF GREENVILLE NC,1621 SW GREENVILLE BV,,GREENVILLE  NC 27834,5482846.0,30812
OFFICE,1986,79686,133 FORLINES RD,WINTERVILLE,CREGGER CAPITAL INVESTMENTS INC,PO BOX 3829,,IRMO  SC 29063,4569704.0,88633
OFFICE,2000,78162,1215 A4 SUGG PW,,FUJI SILYSIA CHEMICAL USA LTD,1215 SUGG BLVD,,GREENVILLE  NC 27834,5839922.0,60160
PUBLICSCHL,1998,76368,152 E WASHINGTON ST,BETHEL,PITT COUNTY BOARD OF EDUCATION,1717 W 5TH ST,,GREENVILLE  NC 27834,5343083.0,29657
PUBLICSCHL,1976,75357,3101 N MEMORIAL DR,GREENVILLE,PITT CO BOARD OF EDUCATION,1717 W 5TH ST,,GREENVILLE  NC 27834,6621485.0,27194
OFFICE,1998,67660,2288 MILL ST,WINTERVILLE,AAA SECURITY SELF STORAGE OF WINTERVILLE LLC,801 WOODLAND DR,,GREENSBORO  NC 27408,2266658.0,59137
PUBLICSCHL,1984,64906,192 THIRD ST,AYDEN,PITT COUNTY,1717 W FIFTH ST,,GREENVILLE  NC 27834,4691766.0,05907
OTHERCOUNTY,1999,64547,2610 WELLNESS DR,GREENVILLE,PCMH MANAGEMENT INC,VIDANT PROPERTIES,PO BOX 6028,GREENVILLE  NC 27835,14462202.0,17488
OTHERMUNICP,2001,63504,303 1 SW GREENVILLE BV,GREENVILLE,GREENVILLE CITY OF,PO BOX 7207,,GREENVILLE  NC 27835,14107476.0,09929
OFFICE,1977,61125,1101 INDUSTRIAL BV,,WOLFPACK PROPERTIES LLC,130 APPLECROSS RD,,PINEHURST  NC 28374,2331742.0,32679
PUBLICCLG,1976,60050,9999 OGLESBY DR,GREENVILLE,EAST CAROLINA UNIVERSITY,901 E FIFTH ST,,GREENVILLE  NC 27834,11705186.0,28886
PVTSCH/CLG,2001,57802,4000 MACGREGOR DOWNS RD,GREENVILLE,OAKWOOD SCHOOL INC THE,4000 MACGREGOR DOWNS RD,,GREENVILLE  NC 27834,9210382.0,59632
CHURCHES,2003,54430,1405 SW GREENVILLE BV,GREENVILLE,KOINONIA CHRISTIAN CENTER CHURCH INC,PO BOX 30927,,GREENVILLE  NC 27833,10267283.0,83602
CHURCHES,1982,53410,1104 N MEMORIAL DR,GREENVILLE,GREENVILLE COMMUNITY CHRISTIAN CHURCH INC,PO BOX 968,,GREENVILLE  NC 27835,7724484.0,42980
OFFICE,1977,52432,8846 WEST MARLBORO RD,FARMVILLE,TRUSTEES OF PITT COMMUNITY COLLEGE,PITT COMMUNITY COLLEGE,PO DRAWER 7007,GREENVILLE  NC 27835,2076243.0,89883
HOMEFOR-AGED,1991,49976,2575 W FIFTH ST,GREENVILLE,2575 WEST 5TH STREET LLC,400 BOULEVARD OF AMERICAS,STE 401,LAKEWOOD  NJ 08701,6159725.0,49272
CHURCHES,2000,49379,5005 COREY RD,GREENVILLE,FAITH ASSEMBLY CHURCH OF GOD INC,5005 COREY RD,,WINTERVILLE  NC 28590,7274206.0,59095
CHURCHES,1998,49299,253 GREG KENNEDY LN,WINTERVILLE,CHURCH OF THE OPEN DOOR INC,4584 REEDY BRANCH RD,,WINTERVILLE  NC 28590,7528394.0,86748
PUBLICSCHL,1992,46747,2683 TYSON ST,,PITT COUNTY BOARD OF EDUCATION,1717 W 5TH ST,,GREENVILLE  NC 27834,3932387.0,17939
OTHERCOUNTY,1993,46448,0 BEASLEY DR,GREENVILLE,PTT COUNTY MEMORIAL HOSPITAL INC,2100 STANTONSBURG RD,,GREENVILLE  NC 27835,6694686.0,37140
HOMEFOR-AGED,1977,46252,2578 W FIFTH ST,GREENVILLE,2578 WEST FIFTH STREET LLC,400 BOULEVARD OF THE AMERICAS,STE 401,LAKEWOOD  NJ 08701,5809368.0,33428
MEDBLDG,2003,45471,2101 W ARLINGTON BV,GREENVILLE,EASTERNRAD LLC,2101 W ARLINGTON BLVD STE 210,,GREENVILLE  NC 27834,10060410.0,79025
OFFICE,1988,45336,1010 W GUM RD,GREENVILLE,NORTH STATE STEEL INC,1010 W GUM ROAD,,GREENVILLE  NC 27834,2792960.0,47460
PUBLICHSPTL,1982,45180,102 BETHESDA DR,GREENVILLE,PCMH MANAGEMENT INC,PO BOX 6028,,GREENVILLE  NC 27835,9364468.0,77591
CHURCHES,1978,43133,1095 ALLEN RD,GREENVILLE,CORNERSTONE MISSIONARY BAPTIST CHURCH OF GREENVILLE NC INC,1095 ALLEN RD,,GREENVILLE  NC 27834,4848865.0,16318
PUBLICCLG,1999,42124,4302 REEDY BRANCH RD,WINTERVILLE,PITT COMMUNITY COLLEGE,P O DRAWER 7007,,GREENVILLE  NC 27835,8542017.0,50206
CHURCHES,1993,39354,4000 COREY RD,GREENVILLE,COVENANT CHURCH OF NC INC,4000 COREY RD,,WINTERVILLE  NC 28590,5832575.0,46468
CHURCHES,1986,39062,2241 OLD PACTOLUS RD,,PARKERS CHAPEL FREE WILL BAPTIST CHURCH INC,2241 OLD PACTOLUS RD,,GREENVILLE  NC 27834,4383812.0,26620
OFFICE,1986,38063,1508 HOOKER RD,GREENVILLE,CGW INC,4 SISTERS-00 LLC,PO BOX 1018,MOREHEAD CITY  NC 28557,1364957.0,42138
CHURCHES,2002,36650,3950 A VICTORY LN,GREENVILLE,REIMAGE CHURCH INCORPORATED,3950 VICTORY LN,,WINTERVILLE  NC 28590,5678689.0,49998
OFFICE,1991,35712,2200 CHARLES BV,GREENVILLE,NORTH CAROLINA STATE OF,PO BOX 629,116 W JONES ST,RALEIGH  NC 27602,4674433.0,48594
MEDBLDG,2005,34914,850 W H SMITH BV,GREENVILLE,CCI GREENVILLE II LLC,8902 N MERIDIAN ST STE 205,,INDIANAPOLIS  IN 46260,6753755.0,51232
HOMEFOR-AGED,1998,34564,128 SNOW HILL ST,AYDEN,HILLCO LTD,P O BOX 6159,,KINSTON  NC 28501,3631694.0,58312
CHURCHES,1977,33063,4657 US 13,,LANDMARK MISSIONARY BAPTIST CHURCH INC,4657 US HWY 13,,GREENVILLE  NC 27834,3857519.0,32667
CHURCHES,2003,33017,3250 DICKINSON AVENUE EX,GREENVILLE,SAINT GABRIEL CATHOLIC PARISH OF GREENVILLE,3250 DICKINSON AVENUE EX,,GREENVILLE  NC 27834,5555485.0,69135
HOMEFOR-AGED,1984,32956,2060 W FIFTH ST,GREENVILLE,ALPHA CARE ONE RE LLC,PO BOX 41153,,RALEIGH  NC 27629,3349186.0,35856
MEDBLDG,2003,31474,810 W H SMITH BV,GREENVILLE,ORTHOPAEDICS EAST PROPERTIES LLC,810 W H SMITH BLVD,,GREENVILLE  NC 27834,6433112.0,51235
OTHERMUNICP,1995,31313,500 S GREENE ST,GREENVILLE,GREENVILLE CITY OF,PO BOX 7207,,GREENVILLE  NC 27835,5415958.0,34235
OTHERMUNICP,1983,30535,921 STATON RD,,GREENVILLE CITY OF,PO BOX 7207,,GREENVILLE  NC 27835,3662319.0,73546
OTHERCOUNTY,2004,30213,4561 COUNTY HOME RD,GREENVILLE,PITT COUNTY,1717 W FIFTH ST,,GREENVILLE  NC 27834,6282018.0,30604
OFFICE,2001,29736,1950 VENTURE TOWER DR,GREENVILLE,PTT COUNTY MEMORIAL HOSPITAL INC,2100 STANTONSBURG RD,,GREENVILLE  NC 27835,4576380.0,50543
CHURCHES,2005,29472,1731 PACTOLUS HW,GREENVILLE,PHILLIPPI CHURCH OF CHRIST DISCIPLES OF CHRIST,3760 PHILIPPI DR,,GREENVILLE  NC 27858,4522804.0,08404
HOMEFOR-AGED,1997,27804,2715 DICKINSON AVENUE EX,GREENVILLE,HCRI NORTH CAROLINA PROPERTIES III LIMITED PARTNERSHIP,4500 DORR STREET,,TOLEDO  OH 43615,3911994.0,57816
CHURCHES,2003,27773,2950 A S MEMORIAL DR,GREENVILLE,FIRST UNITED PENTECOSTAL CHURCH OF GREENVILLE NC,2950 S MEMORIAL DR,,GREENVILLE  NC 27834,5379692.0,14369
CHURCHES,1995,27500,4889 OLD TAR RD,WINTERVILLE,CHRIST PRESBYTERIAN CHURCH,4889 OLD TAR RD,,WINTERVILLE  NC 28590,4407194.0,51950
HOMEFOR-AGED,1997,27183,2097 W ARLINGTON BV,GREENVILLE,NHI-REIT OF NORTH CAROLINA LLC,222 ROBERT ROSE DR,,MURFREESBORO  TN 37129,4498432.0,55375
OFFICE,1975,27001,201 W FIRST ST,GREENVILLE,TAFT 1ST STREET INVESTMENTS LLC,WARD HOLDINGS LLC,PO BOX 566,GREENVILLE  NC 27835,1846005.0,00558
OFFICE,1985,26919,4455 WEST PINE ST,FARMVILLE,FARMVILLE TOWN OF,PO BOX 86,,FARMVILLE  NC 27828,909835.0,27906
OFFICE,2002,26692,2120 W ARLINGTON BV,GREENVILLE,TWIN LAKES LAND LLC,1397 WHICHARDS BEACH RD,,CHOCOWINITY  NC 27817,4160412.0,62724
CHURCHES,2005,26610,2810 E FOURTEENTH ST,,FIRST CHRISTIAN CHURCH TRUSTEES,P O BOX 2366,,GREENVILLE  NC 27836,4329325.0,47572
OTHERCOUNTY,1986,26371,529 MOYE BV,GREENVILLE,PITT COUNTY,1717 W FIFTH ST,,GREENVILLE  NC 27834,5419118.0,29145
HOMEFOR-AGED,1997,26211,2105 W ARLINGTON BV,GREENVILLE,NC REAL ESTATE INVESTMENT LLC,PO BOX 20197,,ATLANTA  GA 30325,3864504.0,57899
CHURCHES,2002,26114,745 DAVENPORT FARM RD,GREENVILLE,CHRISTS CHURCH,745 DAVENPORT FARM RD,,WINTERVILLE  NC 28590,3827460.0,62274
OFFICE,1995,25783,1130 SUGG PW,,PITT TELECOMMUNICATIONS DEV,102 AUTUMN HALL DR STE 210,,WILMINGTON  NC 28403,2487959.0,54261
CHURCHES,1987,24640,3551 CHARLES BV,,GRACE CHURCH OF PITT CO INC,3551 CHARLES BLVD,,GREENVILLE  NC 27834,5127282.0,40481
OTHERCOUNTY,2001,24340,930 WELLNESS DR,GREENVILLE,PCMH MANAGEMENT INC,VIDANT PROPERTIES,PO BOX 6028,GREENVILLE  NC 27835,5343097.0,78730
MEDBLDG,2000,23894,275 BETHESDA DR,GREENVILLE,GUC PROPERTIES,275 BETHESDA DR,,GREENVILLE  NC 27834,4010803.0,35620
OFFICE,2000,23053,1605 W ARLINGTON BV,GREENVILLE,1605 WEST LLC,1605 W ARLINGTON BV,,GREENVILLE  NC 27834,3057017.0,60140
HOMEFOR-AGED,1980,22912,716 WALL ST,GRIFTON,ROSE HILL ENTERPRISES LLC,150 MOYE COURT,,ROCKY MOUNT  NC 27803,2054282.0,36019
MEDBLDG,2005,22803,510 PALADIN DR,GREENVILLE,510 PALADIN DRIVE LLC,14400 METCALF AVE,,OVERLAND PARK  KS 66233,3501171.0,51946
MEDBLDG,2001,22528,850 JOHNS HOPKINS DR,GREENVILLE,ARHC ECAGRENC01 LLC,2346 POST ROAD,STE 100,WARWICK  RI 02886,3340659.0,58891
MEDBLDG,1999,22113,2280 HEMBY LN,GREENVILLE,GREEN TOWN PROPERTIES INC,2200 SOUTH CHARLES BV,SUITE 1100,GREENVILLE  NC 27858,4180640.0,60401
CHURCHES,1976,21996,3681 NC 33 W,,BELVOIR FREE WILL BAPTIST CHURCH OF GREENVILLE NC,3695 NC 33 W,,GREENVILLE  NC 27834,3048931.0,26791
CHURCHES,2000,21768,1412 HOLBERT ST,GREENVILLE,CALVARY BAPTIST CHURCH,1412 HOLBERT ST,,GREENVILLE  NC 27834,3216260.0,07419
OTHERMUNICP,1999,21494,4106 WEST AV,AYDEN,AYDEN TOWN OF,PO BOX 219,,AYDEN  NC 28513,978961.0,21836
HOMEFOR-AGED,2005,21409,1567 WIMBLEDON DR,GREENVILLE,GREENVILLE HOUSING DEVELOPMENT CORPORATION,1103 BROAD ST,,GREENVILLE  NC 27834,3491851.0,69546
MEDBLDG,1995,21201,800 W H SMITH BV,GREENVILLE,PCMH MANAGEMENT INC,2100 STANTONSBURG RD,,GREENVILLE  NC 27858,4845847.0,79047
OTHERCOUNTY,1985,20847,4550 COUNTY HOME RD,GREENVILLE,PITT COUNTY,1717 W FIFTH ST,,GREENVILLE  NC 27834,2129454.0,78585
PVTSCH/CLG,1981,20804,3111 - GOLDEN RD,GREENVILLE,TRINITY FWB CHURCH INC,3111 GOLDEN RD,,GREENVILLE  NC 27858,2136514.0,26984
DAYCRCNTR,1993,20743,532 MOYE BV,GREENVILLE,SABRE COMPANIES LLC,2705 FOREST GLEN DR,,GREENVILLE  NC 27858,2528890.0,50542
MEDBLDG,1989,20397,905 JOHNS HOPKINS DR,GREENVILLE,CSRA ECU MOB DST,1 N LA SALLE ST,SUITE 2100,CHICAGO  IL 60602,2621822.0,47270
CHURCHES,1990,20099,0 E FOURTH ST,GREENVILLE,SAINT PETER CATHOLIC PARISH OF GREENVILLE,2700 E FOURTH ST,,GREENVILLE  NC 27858,3504135.0,26978
CHURCHES,1978,19889,4588 WEST CHURCH ST,FARMVILLE,FARMVILLE METHODIST CHURCH INC,PO BOX 153,,FARMVILLE  NC 27828,2138277.0,26894
COUNTRYCLBS,1995,19863,200 GOLF CLUB WD,GREENVILLE,GOLF IRONWOOD LLC,200 GOLF CLUB WYND,,GREENVILLE  NC 27834,2386157.0,18677
MEDBLDG,1990,19298,2325 STANTONSBURG RD,GREENVILLE,STATE OF NORTH CAROLINA,1321 MAIL SERVICE CENTER,,RALEIGH  NC 27699,3758917.0,46996
CHURCHES,1999,19295,3380 PORTERTOWN RD,,EASTERN PINES CHURCH OF CHRIST,3380 PORTERTOWN RD,,GREENVILLE  NC 27858,2697398.0,55637
MEDBLDG,2004,19192,2210 HEMBY LN,GREENVILLE,MMPF III GREENVILLE NC LLC,PO BOX 92129,,SOUTHLAKE  TX 76092,3614542.0,10738
CHURCHES,1997,19054,1001 HOOKER RD,GREENVILLE,SYCAMORE HILL BAPTIST CHURCH,PO BOX 6012,,GREENVILLE  NC 27835,2500711.0,34214
HOMEFOR-AGED,1990,18798,2920 WILLIAMS RD,GREENVILLE,POWELL RHOADES LLC,150 MOYE CT,,ROCKY MOUNT  NC 27803,2748123.0,22778
HOMEFOR-AGED,1983,18716,506 MATTOX RD,GREENVILLE,ROSE HILL ENTERPRISES LLC,150 MOYE COURT,,ROCKY MOUNT  NC 27803,3465482.0,40144
MEDBLDG,1977,18376,6 MEDICAL DR,GREENVILLE,PCMH MANAGEMENT INC,PO BOX 6028,,GREENVILLE  NC 27835,2278599.0,32113
OTHERMUNICP,2004,18358,2593 RAILROAD ST,WINTERVILLE,WINTERVILLE TOWN OF,PO BOX 1459,,WINTERVILLE  NC 28590,2303042.0,30662
OFFICE,2005,18350,1424 E FIRE TOWER RD,GREENVILLE,RAINY DAY ROGERS LLC,501 COHARIE DR,,CLINTON  NC 28328,3207036.0,69697
MEDBLDG,2004,18270,2160 HERBERT CT,GREENVILLE,2160 HERBERT COURT LLC,1675 BROADWAY,29TH FLOOR,NEW YORK  NY 10019,3204384.0,66282
CHURCHES,1982,18206,489 COOPER ST,WINTERVILLE,WINTERVILLE ORG FWB CHURCH,489 COOPER STREET,,WINTERVILLE  NC 28590,2032672.0,26603
OFCCONDO,2004,17756,1609 W ARLINGTON BV,GREENVILLE,KNG PROPERTIES LLC,908 DELARONDE LN,,MORRISVILLE  NC 27560,2732782.0,56460
CHURCHES,1995,17754,2215 B STOKES RD,,UNIVERSITY CHURCH OF GOD,2215 B STOKES RD,,GREENVILLE  NC 27858,2362316.0,53892
CHURCHES,2003,17661,908 A3 WEST STAR ST,,PARADISE OUTREACH MINISTRIES,PO BOX 30406,,GREENVILLE  NC 27833,851415.0,78482
CHURCHES,1975,17584,462 SECOND ST,AYDEN,AYDEN CHRISTIAN CHURCH,PO BOX 488,,AYDEN  NC 28513,1789866.0,26774
MEDBLDG,1992,17583,2251 STANTONSBURG RD,GREENVILLE,GWC PROPERTIES LLC,2251 STANTONSBURG RD,,GREENVILLE  NC 27858,2087155.0,41658
MEDBLDG,1999,17549,511 PALADIN DR,GREENVILLE,EASTERN NEPHROLOGY RLTY CO LLC,511 PALADIN DR,,GREENVILLE  NC 27834,2812262.0,49131
OFFICE,2005,17500,1058 MOYE BV,GREENVILLE,TAYLOR CAPITAL LLC,PO BOX 714,,GREENVILLE  NC 27835,1053288.0,00394
MEDBLDG,1979,17400,9 MEDICAL DR,GREENVILLE,PCMH MANAGEMENT INC DBA VIDANT PROPERTIES,2100 STANTONSBURG RD,,GREENVILLE  NC 27834,2206745.0,32116
OTHERMUNICP,2000,17400,5184 COREY RD,GREENVILLE,GREENVILLE CITY OF,PO BOX 7207,,GREENVILLE  NC 27835,4411714.0,25796
OTHERMUNICP,1978,17327,2000 CEDAR LN,GREENVILLE,GREENVILLE CITY OF,PO BOX 7207,,GREENVILLE  NC 27835,2471228.0,32737
OFFICE,2002,17068,1290 B E ARLINGTON BV,GREENVILLE,ABC FAMILY LLC,PO BOX 25334,,SARASOTA  FL 34277,2241560.0,51007
CHURCHES,2004,17000,2058 SEVEN PINES RD,,KINGS CROSSROADS FWB CHURCH,2435 KITTRELL HILL RD,,FARMVILLE  NC 27828,2296436.0,62386
MEDBLDG,2005,16905,1925 TURNBURY DR,GREENVILLE,WESTAY LLC,131 HOLLINGS CT,,NEWPORT  NC 28570,2963250.0,70314
MEDBLDG,1992,16536,500 SEAN DR,GREENVILLE,NC PACE RE LLC,211 PERIMETER CENTER PARKWAY NE,STE 750,ATLANTA  GA 30346,2189357.0,49987
CHURCHES,1978,16393,1503 HOOKER RD,GREENVILLE,PROGRESSIVE FWB CHURCH INC,1503 HOOKER RD,,GREENVILLE  NC 27834,1698070.0,33369
OTHERMUNICP,1977,16281,900 WILEY GASKINS RD,,CONTENTNEA METROPOLITAN SEWAGE,PO BOX 477,,GRIFTON  NC 28530,3027789.0,30841
PVTSCH/CLG,2005,16250,3944 MACGREGOR DOWNS RD,,OAKWOOD SCHOOL INC THE,4000 MACGREGOR DOWNS RD,,GREENVILLE  NC 27834,2796684.0,59694
PUBLICSCHL,1976,16220,337 SYLVANIA ST,WINTERVILLE,PITT COUNTY OF,1717 W 5TH ST,,GREENVILLE  NC 27834,586173.0,30602
MEDBLDG,2004,16162,2390 HEMBY LN,GREENVILLE,OMKARA PROPERTIES LLC,2024 MILL GATE LN,,CARY  NC 27519,3191345.0,65263
BANKS,1994,16134,800 RED BANKS RD,GREENVILLE,WELLS FARGO BANK NA,PO BOX 2609,,CARLSBAD  CA 92018,3448168.0,49275
CHURCHES,1999,15954,4658 REEDY BRANCH RD,,CAROLINA CONFERENCE  OF 7TH DAY ADVENTISTS INC,4658 REEDY BRANCH RD,,WINTERVILLE  NC 28590,2091005.0,59799
MEDBLDG,1995,15942,800 A MOYE BV,GREENVILLE,GENIUS GROUP LLC,20 GARDEN PL,,JERICO  NY 11753,2149128.0,50485
CHURCHES,1976,15862,102 LAUGHINGHOUSE DR,GREENVILLE,EVANGELISTIC TABERNACLE INC,102 LAUGHINGHOUSE DR,,GREENVILLE  NC 27834,1677254.0,27051
OFFICE,1982,15775,101 W FIRST ST,GREENVILLE,PITT COUNTY,1717 W 5TH ST,,GREENVILLE  NC 27835,1610765.0,24316
MEDBLDG,1996,15512,704 W H SMITH BV,GREENVILLE,PARK PLACE PROPERTIES LLC,704 W H SMITH BLVD,,GREENVILLE  NC 27834,2523530.0,50269
OTHERMUNICP,2005,15389,3375 E TENTH ST,GREENVILLE,GREENVILLE CITY OF,PO BOX 7207,,GREENVILLE  NC 27835,2355044.0,59378
COUNTRYCLBS,1996,15342,4950 OLD PACTOLUS RD,GREENVILLE,GREENVILLE CITY OF,PO BOX 7207,,GREENVILLE  NC 27835,2066421.0,61439
MEDBLDG,1999,15318,1025 JOHNS HOPKINS DR,GREENVILLE,LRD PROPERTIES LLC,1025 JOHNS HOPKIN DR,,GREENVILLE  NC 27834,2567243.0,56463
OFFICE,1989,15227,120 W FIRE TOWER RD,GREENVILLE,NOUCOUX UN LLC,PO BOX 867,,NEW BERN  NC 28563,1992541.0,46665
PUBLICSCHL,1980,15012,502 W ARLINGTON BV,GREENVILLE,PITT COUNTY,1717 W FIFTH ST,,GREENVILLE  NC 27834,1140634.0,27209
CHURCHES,1992,15000,4748 STANTONSBURG RD,,VICTORY CHRISTIAN FELLOWSHIP CENTER OF GREENVILLE INC,PO BOX 1339,,GREENVILLE  NC 27834,1922868.0,44868
CHURCHES,1983,14927,3105 S MEMORIAL DR,GREENVILLE,GREENVILLE CHURCH OF GOD,3105 S MEMORIAL DR,,GREENVILLE  NC 27834,1793281.0,33125
DAYCRCNTR,1993,14849,804 JOHNS HOPKINS DR,GREENVILLE,SABRE COMPANIES LLC THE,2705 FOREST GLEN DR,,GREENVILLE  NC 27858,2498281.0,34405
OFFICE,1994,14664,108 W FIRE TOWER RD,GREENVILLE,WAINRIGHT HOLDINGS LLC,3481 SOUTH EVANS ST UNIT A,,GREENVILLE  NC 27834,1490831.0,46666
BANKS,1992,14656,514 SE GREENVILLE BV,GREENVILLE,BRANCH BANK & TRUST CO,TAX COMPLIANCE DEPT,PO BOX 167,WINSTON SALEM  NC 27102,2930901.0,07569
CHURCHES,1998,14580,2538 CHAPMAN ST,WINTERVILLE,GATEWAY CHRISTIAN CENTER OF GREENVILLE INC,PO BOX 1339,,WINTERVILLE  NC 28590,1874597.0,28373
OTHERMUNICP,1988,14550,3672 NORTH MAIN ST,FARMVILLE,FARMVILLE TOWN OF,PO BOX 86,,FARMVILLE  NC 27828,2083988.0,30113
MEDBLDG,1989,14400,315 SE GREENVILLE BV,GREENVILLE,OWENS HART LLC,120 GOODWIN LAMP RD,,BEAUFORT  NC 28516,3498851.0,35883
OFFICE,1994,14395,1003 RED BANKS RD,GREENVILLE,P & D REAL ESTATE LLC,1003 RED BANKS RD,,GREENVILLE  NC 27858,1915646.0,52342
OTHERMUNICP,1993,14326,2571 RAILROAD ST,WINTERVILLE,WINTERVILLE TOWN OF,PO BOX 1459,,WINTERVILLE  NC 28590,3035747.0,77254
OFFICE,1999,14282,1702 E ARLINGTON BV,GREENVILLE,BREWCO ENTERPRISES INC,P O BOX 2187,,GREENVILLE  NC 27836,1862835.0,52994
OFFICE,1996,14131,3001 STANTONSBURG RD,GREENVILLE,RHD PROPERTY MANAGEMENT LLC,3361 NC 903 S,,WINTERVILLE  NC 28590,1876235.0,55397
OFFICE,2004,14076,2625 CHARLES BV,GREENVILLE,PRIME PROPERTIES OF GREENVILLE II LLC,2625 CHARLES BV,,GREENVILLE  NC 27858,1952511.0,82851
OFFICE,1989,13884,502 DEXTER ST,GREENVILLE,ROBINSON JAMES RICHARD,ROBINSON RUDY PAUL,ETAL,AYDEN  NC 28513,833505.0,15858
BANKS,2002,13876,2405 STANTONSBURG RD,GREENVILLE,FIRST CITIZENS BANK & TRUST CO,ATTN: CRE-DAC041,PO BOX 27131,RALEIGH  NC 27611,3431269.0,57204
MEDBLDG,1990,13804,2602 COURTIER DR,GREENVILLE,EASTER SEALS UPC NORTH CAROLINA & VIRGINIA INC,5171 GLENWOOD AVE STE 211,,RALEIGH  NC 27612,2365476.0,53961
MEDBLDG,2002,13590,2430 EMERALD PL,GREENVILLE,ARLINGTON BOULEVARD PROPERTIES LLC,2080-B W ARLINGTON BLVD,,GREENVILLE  NC 27834,2287996.0,65176
MEDBLDG,1997,13546,1204 E FIRE TOWER RD,GREENVILLE,MEE 1 PROPERTIES LLC,PO BOX 649,,MOUNT OLIVE  NC 28565,2013611.0,57987
CHURCHES,2003,13431,9243 WEST MARLBORO RD,FARMVILLE,SALVATION & PRAISE FULL GOSPEL CHURCH INC,PO BOX 329,,FARMVILLE  NC 27828,2104502.0,66197
CHURCHES,1985,13430,569 IRISH LN,WINTERVILLE,INTEGRITY CHURCH OF GREENVILLE NC,569 IRISH LN,,WINTERVILLE  NC 28590,3031232.0,39755
OFFICE,2002,13384,2805 CHARLES BV,GREENVILLE,MSDG GREENVILLE LLC,211 N ROBINSON AVE STE 1950 N,,OKLAHOMA CITY  OK 73102,1788920.0,54281
CHURCHES,2001,13340,377 PLANTERS ST,AYDEN,ZION CHAPEL UNITED,PO BOX 217,,AYDEN  NC 28513,1325286.0,21705
BANKS,1991,13334,2310 CHARLES BV,GREENVILLE,SOUTHERN BANK & TRUST CO,PO BOX 729,,MOUNT OLIVE  NC 28365,2976829.0,47937
OFFICE,1987,13276,2217 STANTONSBURG RD,GREENVILLE,T T & H GREENVILLE LLC,PO BOX 566,,GREENVILLE  NC 27835,1526971.0,43823
MEDBLDG,1982,13068,301 BOWMAN GRAY DR,GREENVILLE,JEMVEST LLC,301 BOWMAN GRAY DR,,GREENVILLE  NC 27834,1844533.0,34389
OFFICE,2000,12800,1020 RED BANKS RD,GREENVILLE,WNR PROPERTIES LLC,3282 CHARLES BLVD,,GREENVILLE  NC 27858,1498959.0,35414
MEDBLDG,2003,12736,2495 A HEMBY LN,GREENVILLE,GREENVILLE MEDICAL PROPERTIES LLC,PO BOX 985,,MILLERS CREEK  NC 28651,1918895.0,55867
OFFICE,1992,12721,700 CROMWELL DR,GREENVILLE,LONGTURN LLC,PO BOX 12006,,NEW BERN  NC 28561,1276966.0,50150
MEDBLDG,1977,12698,1 MEDICAL DR,GREENVILLE,PCMH MANAGEMENT INC,PO BOX 6028,,GREENVILLE  NC 27835,1581043.0,32108
MEDBLDG,2001,12667,690 MEDICAL DR,GREENVILLE,PCMH MANAGEMENT INC,PO BOX 6028,,GREENVILLE  NC 27835,2119718.0,32119
OFFICE,2003,12660,2835 CHARLES BV,GREENVILLE,TEP GREENVILLE LLC,211 N ROBINSON ST STE N1950,,OKLAHOMA CITY  OK 73102,2046710.0,84151
OFFICE,1976,12654,509 DEXTER ST,GREENVILLE,UMSTEAD ASSOCIATES LLC,820 S. EVANS ST.,,GREENVILLE  NC 27858,1246231.0,30891
CHURCHES,1993,12637,411 N WATAUGA AV,GREENVILLE,MT CALVARY FREE WILL BAPTIST CHURCH,411 N WATAUGUA AV,,GREENVILLE  NC 27834,1092622.0,26980
MEDBLDG,2002,12359,1005 W H SMITH BV,GREENVILLE,SIMOES JOHN ELMAN TRUSTEE SIMOES FAMILY TRUST OF 1988 TRUSTEE SI,SIMOES EDIE TRUSTEE SIMOES FAMILY TRUST OF 1988 TRUSTEE SIMOES F,1988 BORDEAUX DRIVE,TULARE  CA 93274,2421840.0,52894
CHURCHES,2004,12240,2921 BRIERY SWAMP RD,,ST JOHN MISSIONARY BAPTIST CHURCH IN OF STOKES SOUL SAVING CENTER,PO BOX 82,,STOKES  NC 27884,1478644.0,67587
OFFICE,1999,12050,695 E ARLINGTON BV,GREENVILLE,FIRST UNION NATIONAL BANK OF NC,PO BOX 2609,,CARLSBAD  CA 92018,2699275.0,48593
OFCCONDO,2002,12040,3851 110 DUNHAGAN RD,GREENVILLE,BRADBURY ASSOCIATES,PO BOX 2687,,GREENVILLE  NC 27836,1286717.0,70345
MEDBLDG,2005,11856,2150 HERBERT CT,GREENVILLE,TRUTH PROPERTIES OF JRBA LLC,815 4 MARLOWE RD,,RALEIGH  NC 27609,2255459.0,66543
MEDBLDG,1978,11571,2501 STANTONSBURG RD,GREENVILLE,2501 GREENVILLE LLC,54 DUNDEE LN,,SOUTHAMPTON  NY 11968,1371423.0,90797
MEDBLDG,1985,11510,2573 STANTONSBURG RD,GREENVILLE,2573 STANTONSBURG ROAD LLC,3801 WAKE FOREST RD STE 210,,RALEIGH  NC 27609,1574321.0,34365
MEDBLDG,1987,11471,4024 OLD TAR RD,WINTERVILLE,STEWART ANGELA G,4024 OLD TAR RD.,,WINTERVILLE  NC 28590,1621474.0,44015
MEDBLDG,1983,11374,101 BETHESDA DR,GREENVILLE,GREENVILLE OB GYN PROPERTIES LLC,101 BETHESDA DR,,GREENVILLE  NC 27834,1531614.0,34362
MEDBLDG,1998,11342,801 W H SMITH BV,GREENVILLE,KOLTIS PROPERTIES LLC,PO BOX 725,,APEX  NC 27502,2001416.0,51242
MEDBLDG,1998,11264,2515 BOWMAN GRAY DR,GREENVILLE,L & B INVESTING LLC,1940 BLUE BANKS FARM RD,,GREENVILLE  NC 27834,2022684.0,58064
OFFICE,1989,11251,410 W FOURTEENTH ST,GREENVILLE,BROWN HAZEL J,PO BOX 2335,,GREENVILLE  NC 27836,963599.0,18834
CHURCHES,1976,11250,0 W FIRE TOWER RD,GREENVILLE,REIMAGE CHURCH INCORPORATED,3950 VICTORY LN,,WINTERVILLE  NC 28590,716516.0,27678
OFFICE,1998,11238,1420 E FIRE TOWER RD,GREENVILLE,JSD REAL ESTATE LLC,740 SE GREENVILLE BLVD STE 400 163,,GREENVILLE  NC 27858,1489373.0,58062
CHURCHES,2004,11150,9644 COUNTY HOME RD,,TIMOTHY CHRISTIAN CHURCH,9657 COUNTY HOME RD,,AYDEN  NC 28513,1484772.0,27083
MEDBLDG,1987,11089,626 MEDICAL DR,GREENVILLE,PCMH MANAGEMENT INC,2100 STANTONSBURG RD,,GREENVILLE  NC 27835,1311420.0,32124
CHURCHES,2003,11083,7355 EAST MARLBORO RD,,MOYES CHAPEL FWB CHURCH,PO BOX 30,,FARMVILLE  NC 27828,1672757.0,59096
MEDBLDG,2001,10904,2355 HEMBY LN,GREENVILLE,H & B VENTURES LLC,2355 HENBY LANE,,GREENVILLE  NC 27834,1841753.0,63559
OFCCONDO,2001,10838,1125 CORPORATE DR,GREENVILLE,GSE HOLDINGS LLC,1905 TURNBURY DR,,GREENVILLE  NC 27858,1268242.0,62978
MEDCONDO,1994,10746,2305 EXECUTIVE CI,GREENVILLE,W J ROBERSON RENTALS LLC,7920 LONGLEAF BRANCH CT,,RALEIGH  NC 27612,1523247.0,43467
MEDBLDG,1995,10640,503 BOWMAN GRAY DR,GREENVILLE,GRACE PROPERTIES OF CSA LLC,ANDREWS JOHN R B,815 4 MARLOWE RD,RALEIGH  NC 27609,1921620.0,34397
MEDBLDG,1984,10639,2577 STANTONSBURG RD,GREENVILLE,GREENVILLE OB GYN PROPERTIES LLC,101 BETHESDA DR,,GREENVILLE  NC 27834,1466297.0,34363
OFFICE,1996,10584,2002 VENTURE TOWER DR,GREENVILLE,PITT COUNTY MEMORIAL HOSPITAL INC,PO BOX 6028,,GREENVILLE  NC 27835,3148218.0,42967
MEDBLDG,1977,10578,5 MEDICAL DR,GREENVILLE,PCMH MANAGEMENT INC,PO BOX 6028,,GREENVILLE  NC 27835,1289777.0,32112
OFCCONDO,2001,10572,925 A CONFERENCE DR,GREENVILLE,ACES FOR AUTISM,535 CEDAR RIDGE DR,,WINTERVILLE  NC 28590,1243112.0,74103
MEDBLDG,2005,10567,2465 EMERALD PL,GREENVILLE,CCI GREENVILLE LLC,8902 N MERIDIAN ST STE 205,,INDIANAPOLIS  IN 46260,1829674.0,67167
OFFICE,1986,10530,1530 EVANS ST,GREENVILLE,MOORE HAMILTON D JR,PO BOX 9060,,ROCKY MOUNT  NC 27804,521733.0,06416
OTHERMUNICP,2004,10500,1000 MUMFORD RD,GREENVILLE,GREENVILLE CITY OF,PO BOX 7207,,GREENVILLE  NC 27835,2663120.0,28893
OFFICE,1989,10450,150 E FIRE TOWER RD,GREENVILLE,CAROLINA PENN INVESTMENT GROUP LLC,401 W 1ST ST,,GREENVILLE  NC 27834,819353.0,38102
OFFICE,1989,10385,2221 STANTONSBURG RD,GREENVILLE,BMR HOLDINGS LLC,PO BOX 483,,GREENVILLE  NC 27835,848829.0,47263
MEDBLDG,1992,10245,702 W H SMITH BV,GREENVILLE,WILLIAMS INVESTMENT PROPERTIES LLC,100 OAKMONT DR UNIT B,,GREENVILLE  NC 27858,1493392.0,50267
MEDBLDG,1992,10231,700 W H SMITH BV,GREENVILLE,4CW LLC,1397 WHICHARDS BEACH RD,,CHOCOWINITY  NC 27817,1588480.0,41657
OFFICE,1993,10229,112 STATON RD,,EHJ PROPERTIES LLC,PO BOX 856,,GREENVILLE  NC 27835,1069332.0,51574
OFFICE,1988,10156,1230 L T HARDEE RD,,EVERETT RAYMOND M,EVERETT SUSAN H,5066 EASTERN PINES RD,GREENVILLE  NC 27858,821583.0,65114
MEDBLDG,1995,10146,400 SPRING FOREST RD,GREENVILLE,SKGPS LLC,21 INKBERRY ST,,EAST HAMPTON  NY 11937,2053471.0,59386
CHURCHES,1990,10122,2700 . E FOURTH ST,GREENVILLE,SAINT PETER CATHOLIC PARISH OF GREENVILLE,2700 E FOURTH ST,,GREENVILLE  NC 27858,1319110.0,26979
OFFICE,1978,10106,400 N MEMORIAL DR,GREENVILLE,SHEPHERD MANAGEMENT LLC,400 N MEMORIAL DR,,GREENVILLE  NC 27834,498307.0,40682
OFFICE,2004,10060,1655 E ARLINGTON BV,GREENVILLE,WEST LAKE PROPERTY MANAGEMENT LLC,5633 OBSERVATION LN,,LOS ANGELES  CA 90028,1796792.0,60881
BANKS,1985,10000,611 E ARLINGTON BV,GREENVILLE,BIRDNECK POINT LLC,PO BOX 850,,AURORA  OH 44202,1919118.0,40004
OFFICE,2000,10000,2010 ALLEN RD,GREENVILLE,PITT COUNTY BOARD OF EDUCATION,1717 W FIFTH ST,,GREENVILLE  NC 27834,1109197.0,85636
OFFICE,1998,9988,1905 TURNBURY DR,GREENVILLE,GSE HOLDINGS LLC,1905 TURNBURY DR,,GREENVILLE  NC 27858,1459552.0,58765
MEDCONDO,2002,9986,2470 EMERALD PL,GREENVILLE,C&E REAL ESTATE LLC,2202 TAR RIVER RD,,CREEDMOOR  NC 27522,1593078.0,63168
BANKS,1998,9971,1005 RED BANKS RD,GREENVILLE,FIRST CITIZENS BANK & TRUST CO,PO BOX 27131,,RALEIGH  NC 27611,2758674.0,57527
PUBLICSCHL,2004,9968,0 HOOKER RD,GREENVILLE,PITT COUNTY,1717 W FIFTH ST,,GREENVILLE  NC 27834,2597560.0,07281
OTHERMUNICP,2005,9960,3620 WEST AV,FALKLAND,FALKLAND VOLUNTEER FIRE DEPT INC,3620 WEST AV,,FALKLAND  NC 27827,1102992.0,70161
OFFICE,1991,9944,102 FOX HAVEN DR,GREENVILLE,COLLICE & ANN MOORE LLC,4300 SAPPHIRE CT SUITE 116,,GREENVILLE  NC 27834,733100.0,29094
MEDBLDG,2005,9839,1310 W ARLINGTON BV,GREENVILLE,LAZE PROPERTIES LLC,PO BOX 2230,,ANGIER  NC 27501,1326873.0,60945
MEDBLDG,1977,9832,8 MEDICAL DR,GREENVILLE,PCMH MANAGEMENT INC,PO BOX 6028,,GREENVILLE  NC 27835,1208748.0,32115
OFFICE,1997,9801,101 FOX HAVEN DR,GREENVILLE,BLACK ARROW FINANCIAL GROUP LLC,905B CONFERENCE DR,,GREENVILLE  NC 27858,1128804.0,48004
OFFICE,1998,9759,190 PLAZA DR,GREENVILLE,MORGAN GARY S,509 WALKENS WOODS LN,,JACKSONVILLE  NC 28546,1660771.0,56189
CHURCHES,2002,9678,407 NC 903 N,,TRUTH TEMPLE CHURCH OF GOD IN CHRIST INC,PO BOX 8587,,GREENVILLE  NC 27835,1171794.0,23943
OFFICE,1997,9620,1202 E FIRE TOWER RD,GREENVILLE,SHIV AND RAJ LLC,813 EVANS ST,,GREENVILLE  NC 27834,1159459.0,57988
OFFICE,2004,9584,625 LYNNDALE CT,GREENVILLE,PERRYS 1 LLC,PO BOX 1475,,KINSTON  NC 28503,1203600.0,61486
CHURCHES,1990,9546,4329 ANDERSON AV,FARMVILLE,MT MORIAH COMMUNITY CHURCH,PO BOX 367,,FARMVILLE  NC 27828,876388.0,41714
OTHERMUNICP,1977,9407,2884 CHINQUAPIN RD,,FARMVILLE TOWN OF,PO BOX 86,,FARMVILLE  NC 27828,2540077.0,27266
HOMEFOR-AGED,1987,9346,2701 W FIFTH ST,GREENVILLE,WOODARD CHARLES D,WOODARD PHYLLIS G,PO BOX 1636,GOLDSBORO  NC 27533,1261243.0,44869
OTHERMUNICP,1985,9304,5864 US 264 E,,PACTOLUS RURAL FIRE DEPT INC,5858 US 264 EAST,,GREENVILLE  NC 27834,676225.0,37390
CHURCHES,2001,9282,7874 US 264 E,,TRIUMPH MISSIONARY BAPTIST CH,7874 US 264,,GREENVILLE  NC 27834,1181643.0,27131
OTHERMUNICP,1987,9247,2400 CHARLES BV,GREENVILLE,GREENVILLE CITY OF,PO BOX 7207,,GREENVILLE  NC 27835,1756388.0,33085
MEDBLDG,1979,9240,4 MEDICAL DR,GREENVILLE,PCMH MANAGEMENT INC,PO BOX 6028,,GREENVILLE  NC 27835,1316256.0,32110
OFCCONDO,1983,9240,200 Z E ARLINGTON BV,GREENVILLE,CLARK WILLIAM H,CLARK GLORIA E,200 GE ARLINGTON BLVD SUITE L,GREENVILLE  NC 27858,1018170.0,76266
BANKS,1975,9232,300 W FIRST ST,GREENVILLE,STATE EMPLOYEES CREDIT UNION,ATTN ACCOUNTING DEPT,BOX 26807,RALEIGH  NC 27611,2462832.0,27788
OFFICE,1995,9192,704 CROMWELL DR,GREENVILLE,PERRY GRANDCHILDREN LLC,PO BOX 1475,,KINSTON  NC 28503,965091.0,54398
OFFICE,1994,9192,702 CROMWELL DR,GREENVILLE,PERRY GRANDCHILDREN LLC,PO BOX 1475,,KINSTON  NC 28503,933467.0,52503
MEDBLDG,1977,9191,604 MEDICAL DR,GREENVILLE,PCMH MANAGEMENT INC,2100 STANTONSBURG RD,,GREENVILLE  NC 27835,1205621.0,32127
MEDBLDG,2005,9125,1826 W ARLINGTON BV,GREENVILLE,CHS PROPERTIES LLC,1826 W ARLINGTON BLVD,,GREENVILLE  NC 27834,1720855.0,68149
OFFICE,2000,9111,600 LYNNDALE CT,GREENVILLE,PERRYS 1 LLC,PO BOX 1475,,KINSTON  NC 28503,1101177.0,61494
OFFICE,2001,9099,605 LYNNDALE CT,GREENVILLE,PERRYS 1 LLC,PO BOX 1475,,KINSTON  NC 28503,1096958.0,61484
OFFICE,1977,9040,517 W ARLINGTON BV,GREENVILLE,CEQUEL COMMUNICATIONS II LLC,6 CITYPLACE DR.,SUITE 800,ST. LOUIS  MO 63141,965821.0,32131
OFCCONDO,1995,9040,1698 E ARLINGTON BV,GREENVILLE,SOUTHCOURT INVESTORS LLC,1698 E. ARLINGTON BLVD,,GREENVILLE  NC 27858,1031650.0,53847
OFFICE,1982,9000,104 STATON CT,,STATON COURT ASSOCIATES LLC,1230 NE MAYNARD RD,,CARY  NC 27513,425270.0,33407
OFFICE,2005,8995,3208 D CHARLES BV,GREENVILLE,CPK & BMP HOLDINGS LLC,2221 STANTONSBURG RD,,GREENVILLE  NC 27834,1277140.0,68852
MEDCONDO,2000,8984,2090 W ARLINGTON BV,GREENVILLE,GREENVILLE MEDICAL PROPERTIES LLC,PO BOX 985,,MILLERS CREEK  NC 28651,1346312.0,59924
OFFICE,1996,8960,1501 W ARLINGTON BV,GREENVILLE,TIME LAND DEVELOPMENT LLC,PO BOX 6065,,GREENVILLE  NC 27835,1000983.0,56183
BANKS,2004,8918,3600 CHARLES BV,GREENVILLE,WELCOME FEDERAL CREDIT UNION,10810 CHAPEL HILL RD,,MORRISVILLE  NC 27560,2286571.0,54576
CHURCHES,1992,8915,4271 NORTH EDGE RD,AYDEN,ANNOINTED ONES CHURCH OF DELIVERANCE,PO BOX 126,,AYDEN  NC 28513,842850.0,52210
CHURCHES,1982,8908,201 TYSON ST,GREENVILLE,YORK MEMORIAL AME ZION CHURCH,201 TYSON ST,,GREENVILLE  NC 27834,519072.0,17920
OFFICE,2002,8845,1100 CONFERENCE DR,GREENVILLE,SULLIVAN JAMES G ETALS,1100 CONFERENCE DR,,GREENVILLE  NC 27858,1068565.0,62985
OFFICE,1985,8800,313 CLIFTON ST,GREENVILLE,LYNNS PROPERTIES LLC,4016 CINDI LN,,WINTERVILLE  NC 28590,673821.0,74951
OFFICE,1977,8786,105 B E ARLINGTON BV,GREENVILLE,MAHMOUD AND SON LLC,2148 MOXIE LN,,WINTERVILLE  NC 28590,920371.0,92360
OFFICE,2005,8736,620 LYNNDALE CT,GREENVILLE,PERRYS 1 LLC,PO BOX 1475,,KINSTON  NC 28503,1139517.0,61489
MEDBLDG,2004,8726,1006 W H SMITH BV,GREENVILLE,QUADRANGLE PROPERTIES III LLC,1850 W ARLINGTON BLVD,,GREENVILLE  NC 27834,1617098.0,52903
OFFICE,2002,8688,610 LYNNDALE CT,GREENVILLE,PERRYS 1 LLC,PO BOX 1475,,KINSTON  NC 28503,1090514.0,61491
CHURCHES,1998,8625,7227 STANTONSBURG RD,,WORD OF TRUTH ANOINTED MINISTRIES INC THE,7227 STANTONSBURG RD,,FARMVILLE  NC 27828,1007669.0,57664
CHURCHES,1997,8600,1295 MUMFORD RD,GREENVILLE,ST PETERS MISSIONARY BAPTIST CHURCH,1295 MUMFORD RD,,GREENVILLE  NC 27834,1372639.0,05019
OFFICE,1977,8554,115 EASTBROOK DR,GREENVILLE,VJH EASTBROOK PROPERTIES LLC,82 CANAL CT,,CHOCOWINITY  NC 27817,595651.0,32491
OTHERMUNICP,1984,8524,3886 SOUTH MAIN ST,FARMVILLE,FARMVILLE TOWN OF,PO BOX 86,,FARMVILLE  NC 27828,982802.0,01823
OFFICE,1975,8511,112 OAKMONT DR,GREENVILLE,MELVIN JOHN S,MELVIN ANGELA C,8687 REYMONT ST,ORLANDO  FL 32837,784474.0,80677
OFFICE,2002,8498,1805 W ARLINGTON BV,GREENVILLE,GREENVILLE RENTAL PROPERTIES LLC,144 W 2ND ST,,WASHINGTON  NC 27889,1425336.0,79564
OFFICE,2003,8488,1710 A E ARLINGTON BV,GREENVILLE,RENNSPORT MOTORWERKS LLC,PO BOX 1863,,GREENVILLE  NC 27835,1407659.0,67554
OFFICE,2000,8420,2600 MERIDIAN DR,GREENVILLE,HITE JAMES G,2600 MERIDIAN DR,,GREENVILLE  NC 27834,1050675.0,57599
OFFICE,1999,8363,1708 E ARLINGTON BV,GREENVILLE,WAINRIGHT HOLDINGS LLC,3481 SOUTH EVANS ST UNIT A,,GREENVILLE  NC 27834,1104568.0,57813
MEDBLDG,1988,8322,1701 SE GREENVILLE BV,GREENVILLE,UPSIDE REAL ESTATE GROUP LLC,5717 E THOMAS RD STE 100,,PHOENIX  AZ 85251,1882743.0,87415
CHURCHES,1997,8316,2549 NC 102 E,,BEREAN BAPTIST CHURCH,2549 NC 102 HY E,,AYDEN  NC 28513,809181.0,31768
OFFICE,1998,8309,708 CROMWELL DR,GREENVILLE,PERRYS 1 LLC,PO BOX 1475,,KINSTON  NC 28503,932159.0,75958
CHURCHES,1990,8250,6630 NC 43 S,,FAMILY LIFE TABERNACLE PENTECOSTAL HOLINESS CHURCH,6630 NC 43 S,,GREENVILLE  NC 27858,631113.0,49486
OFFICE,1996,8114,214 S PITT ST,GREENVILLE,PITT COUNTY,1717 W 5TH ST,,GREENVILLE  NC 27834,793729.0,04410
CHURCHES,1976,8100,7402 STANTONSBURG RD,,BEACON FREE WILL BAPTIST CH,7397 STANTONSBURG ROAD,,FARMVILLE  NC 27828,699278.0,31799
OFFICE,2000,8099,3740 EVANS ST,GREENVILLE,TAYLOR COMMERCIAL PROP LLC,P O BOX 1158,,GREENVILLE  NC 27835,927021.0,59208
OFFICE,1978,8088,2428 CHARLES BV,GREENVILLE,WILLIAMS INVESTMENT PROPERTIES LLC,100 OAKMONT DR UNIT B,,GREENVILLE  NC 27858,935599.0,30492
CHURCHES,2004,8080,4501 MOBLEYS BRIDGE RD,,WHITE OAK MISSIONARY BAPT CH,P O BOX 580,,GRIMESLAND  NC 27837,1274623.0,60231
MEDBLDG,1986,8010,600 MEDICAL DR,GREENVILLE,PCMH MANAGEMENT INC,PO BOX 6028,,GREENVILLE  NC 27835,1201946.0,32129
MEDBLDG,1990,7977,300 BETHESDA DR,GREENVILLE,SUITE FIVE PARTNERSHIP,300 BETHESDA DR,,GREENVILLE  NC 27834,1723794.0,48243
MEDBLDG,1997,7924,990 JOHNS HOPKINS DR,GREENVILLE,NC MED HOLDINGS LLC,990 JOHNS HOPKINS DR,,GREENVILLE  NC 27834,1394887.0,93624
BANKS,2005,7921,2211 HEMBY LN,GREENVILLE,STATE EMPLOYEES CREDIT UNION,PO BOX 26807,,RALEIGH  NC 27611,3528672.0,63785
CHURCHES,1976,7908,7315 NC 33 E,GRIMESLAND,NORTH CAROLINA CONFERENCE OF THE PENTECOSTAL HOLINESS CHURCH INC,PO BOX 59,,FALCON  NC 28342,560151.0,27138
OFFICE,2002,7878,3535 S MEMORIAL DR,GREENVILLE,WEST HILLS PROPERTIES LLC,PO BOX 2549,,GREENVILLE  NC 27836,1715843.0,39288
OTHERMUNICP,1984,7723,2821 VIRGINIA ST,SIMPSON,SIMPSON RURAL FIRE DEPT INC,2821 VIRGINIA ST,,SIMPSON  NC 27879,849537.0,16080
MEDBLDG,1975,7711,118 OAKMONT DR,GREENVILLE,FINNEGAN HOLDINGS LLC,306 CAMPDEN WY,,GREENVILLE  NC 27858,872021.0,28581
CHURCHES,2001,7704,593 US 64 ALTERNATE W,,ST DELIGHT CHURCH OF GOD IN CHRIST,P O BOX 1304,,BETHEL  NC 27812,1053430.0,59638
CHURCHES,1989,7637,114 FAITH BAPTIST LN,GRIFTON,FAITH BAPTIST CHURCH,PO BOX 88,,AYDEN  NC 28513,831205.0,43778
OFFICE,1990,7608,3015 S MEMORIAL DR,GREENVILLE,MID EAST PROPERTIES LLC,3015 S MEMORIAL DR,,GREENVILLE  NC 27834,816506.0,45515
OFCCONDO,1990,7594,2313 EXECUTIVE CI,GREENVILLE,THE BUNTING FARMS INC,HOPE PROPERTIES OF BUNTING FARMS LLC,815 4 MARLOWE RD,RALEIGH  NC 27609,894401.0,43468
CHURCHES,1995,7531,1300 DICKINSON AV,GREENVILLE,A TOUCH OF GODS PRESENCE MINISTRIES INC,PO BOX 30765,,GREENVILLE  NC 27834,887438.0,19389
OFFICE,1976,7526,226 COMMERCE ST,GREENVILLE,ALDRIDGE JEFFREY S,PO BOX 123,,GREENVILLE  NC 27835,804510.0,26138
COUNTRYCLBS,1985,7525,216 COUNTRY CLUB DR,GREENVILLE,FORBES MILL LLC,500 RED BANKS RD STE C,,GREENVILLE  NC 27858,1543605.0,09058
CHURCHES,1976,7518,5920 OLD TAR RD,,VISION CASTER MINISTRIES INC,5920 OLD TAR RD,,WINTERVILLE  NC 28590,800940.0,31733
DAYCRCNTR,1995,7464,1342 ROUSE RD,,STEPPING STONES INC DBA GREENHOSE PRESCHOOL,1342 ROUSE RD,,GREENVILLE  NC 27858,525285.0,54495
OFFICE,1994,7456,1021 RED BANKS RD,GREENVILLE,COIDAN HOLDINGS LLC,1021 RED BANKS RD,,GREENVILLE  NC 27858,1180368.0,52777
OFFICE,2004,7439,2865 CHARLES BV,GREENVILLE,MVJ PROPERTIES LLC,2865 CHARLES BV,,GREENVILLE  NC 27858,1287546.0,63071
MEDCONDO,2003,7435,2455 EMERALD PL,GREENVILLE,TAMBOSHA HOLDINGS LLC,2455 EMERALD PL,,GREENVILLE  NC 27858,1274527.0,79887
BANKS,1999,7394,1011 RED BANKS RD,GREENVILLE,WARD HOLDINGS LLC,503 CHESAPEAKE PL,,GREENVILLE  NC 27858,1586655.0,59390
MEDBLDG,1982,7291,2500 W FIFTH ST,GREENVILLE,DLC PROPERTIES LLC,PO BOX 1106,,AHOSKIE  NC 27910,1234237.0,38800
OFCCONDO,1998,7200,4052 A S MEMORIAL DR,GREENVILLE,DIVERSIFIED OF PITT COUNTY LLC,1250 EASTWOOD DR,,WINTERVILLE  NC 28590,794571.0,62278
OTHERMUNICP,2000,7197,2490 HEMBY LN,GREENVILLE,GREENVILLE CITY OF,PO BOX 7207,,GREENVILLE  NC 27835,1208335.0,59637
OFFICE,2002,7124,845 JOHNS HOPKINS DR,GREENVILLE,G W U LLC,845 JOHNS HOPKINS DR STE A,,GREENVILLE  NC 27834,1143797.0,34381
OFFICE,1997,7116,1706 E ARLINGTON BV,GREENVILLE,GREEN EGGS AND HAM PROPERTIES LLC,1706 E ARLINGTON BV STE B,,GREENVILLE  NC 27858,868330.0,57812
OFFICE,1997,7084,1704 E ARLINGTON BV,GREENVILLE,SAMPONE LLC,1704 E ARLINGTON BV,UNIT A,GREENVILLE  NC 27858,698496.0,57811
OFFICE,1977,7020,120 READE ST,GREENVILLE,NORTH CAROLINA STATE OF,116 W JONES ST,,RALEIGH  NC 27603,818896.0,25519
DAYCRCNTR,1985,7000,2263 STANTONSBURG RD,GREENVILLE,KCP RE LLC,6310 SAN VINCENTE BLVD STE #250,,LOS ANGELES  CA 90048,519840.0,41656
CHURCHES,1987,7000,234 SNOW HILL ST,AYDEN,FREEDOM BAPTIST CHURCH,234 SNOW HILL ST,,AYDEN  NC 28513,777636.0,92273
OFFICE,1999,6998,1430 E ARLINGTON BV,GREENVILLE,RENNSPORT MOTORWERKS LLC,PO BOX 1863,,GREENVILLE  NC 27835,854986.0,59773
OFFICE,2004,6990,1025 DIRECTOR CT,GREENVILLE,S & K WAINRIGHT HOLDINGS LLC,3277 SPEIGHT SEED FARM RD,,WINTERVILLE  NC 28590,1106866.0,62984
OFFICE,1980,6976,650 MEDICAL DR,GREENVILLE,PCMH MANAGEMENT INC,PO BOX 6028,,GREENVILLE  NC 27835,722995.0,32121
OFCCONDO,1994,6956,498 RED BANKS RD,GREENVILLE,GREENVILLE GROWTH LLC,333 FARMINGTON RD,,GRIMESLAND  NC 27837,690607.0,82754
OFFICE,1976,6934,200 E FIRST ST,GREENVILLE,NORTH CAROLINA STATE OF,PO BOX 629,116 W JONES ST,RALEIGH  NC 27602,706719.0,06289
OFFICE,1996,6928,1694 E ARLINGTON BV,GREENVILLE,WILKERSON CHARLES V JR,WILKERSON BARBARA ROBINSON,ETAL,GREENVILLE  NC 27858,824366.0,56178
CHURCHES,1993,6872,1303 EVANS ST,GREENVILLE,NORTH AMERICAN ISLAMIC TRUST INC,1303 S EVANS ST,,GREENVILLE  NC 27858,966031.0,02107
CHURCHES,2003,6858,5525 NC 33 E,,FREEDOM BAPTIST CHURCH,P O BOX 71,,SIMPSON  NC 27879,1089400.0,00122
MEDBLDG,2003,6848,2425 HEMBY LN,GREENVILLE,GREENVILLE EYE CLINIC PROPERTIES LLC,2425 HEMBY LN,,GREENVILLE  NC 27834,1368940.0,66283
CHURCHES,2000,6840,1375 MUMFORD RD,GREENVILLE,SOUTH ATLANTIC CONFERENCE ASSOCIATION,OF SEVENTH DAY ADVENTIS INC,294 HAMILTON E HOLMES DR NW,ATLANTA  GA 30314,1339262.0,61015
CHURCHES,1999,6798,4778 SCHOOL RD,GRIMESLAND,DELIVERANCE OF FAITH PENTECOSTAL MINISTRIES,PO BOX 213,,GRIMESLAND  NC 27837,1632501.0,24906
OFFICE,1980,6704,111 S WASHINGTON ST,GREENVILLE,PITT COUNTY,1717 W FIFTH ST,,GREENVILLE  NC 27834,902408.0,36302
OFFICE,1999,6700,1420 E ARLINGTON BV,GREENVILLE,DAY FAMILY HOLDINGS LLC,PO BOX 507,,GREENVILLE  NC 27858,739988.0,59782
OTHERMUNICP,1991,6668,109 W EIGHTH ST,GREENVILLE,GREENVILLE MUSEUM OF ART INCORPORATED,802 EVANS ST,,GREENVILLE  NC 27834,1036825.0,23714
CHURCHES,2003,6637,3501 SPEIGHT SEED FARM RD,,EMMANUEL COMMUNITY FREEWILL BAPTIST CENTER INC,PO BOX 1728,,WINTERVILLE  NC 28590,1017667.0,65116
FIRE-STATION,2002,6630,3020 BLACK JACK SIMPSON RD,,BLACK JACK VOLUNTEER FIRE DEPT INC,3020 BLACK JACK SIMPSON RD,,GREENVILLE  NC 27858,656340.0,04243
DAYCRCNTR,1987,6629,4890 OLD TAR RD,WINTERVILLE,LIBBUS ENTERPRISES PROPERTIES LLC,5400 HIGHCROFT DR,,CARY  NC 27519,581858.0,51833
OFFICE,2001,6538,1015 CONFERENCE DR,GREENVILLE,LCA DEVELOPMENT LLC,1015 CONFERENCE DR,,GREENVILLE  NC 27858,766619.0,62983
CHURCHES,1998,6534,191 PACKAGE CRAFT RD,BETHEL,NEW WYNN CHAPEL MISSIONARY BAPTIST CHURCH,PO BOX 127,,BETHEL  NC 27812,963756.0,11944
MEDBLDG,1983,6512,2 MEDICAL DR,GREENVILLE,PCMH MANAGEMENT INC,PO BOX 6028,,GREENVILLE  NC 27835,911883.0,32109
OFFICE,1998,6505,1450 E ARLINGTON BV,GREENVILLE,HBCC PROPERTIES LLC,PO BOX 2687,,GREENVILLE  NC 27834,860710.0,58419
OFFICE,1995,6501,1400 E FIRE TOWER RD,GREENVILLE,HSI GREENVILLE INVESTMENTS LLC,PO BOX 566,,GREENVILLE  NC 27835,712516.0,54853
OFFICE,1999,6481,1410 E ARLINGTON BV,GREENVILLE,RHD PROPERTY MANAGEMENT LLC,3361 NC 903 S,,WINTERVILLE  NC 28590,836090.0,59783
BANKS,2003,6438,135 DAVENPORT FARM RD,WINTERVILLE,STATE EMPLOYEES CREDIT UNION,PO BOX 26807,,RALEIGH  NC 27611,3375427.0,66534
MEDCONDO,1999,6413,1970 B W ARLINGTON BV,GREENVILLE,GARRIS ALFRED E,DIXON WAYNE,ETAL,GREENVILLE  NC 27858,894498.0,61330
OFFICE,2004,6408,3280 CHARLES BV,GREENVILLE,ABC FAMILY LLC,PO BOX 25334,,SARASOTA  FL 34277,975268.0,68851
DAYCRCNTR,1995,6398,102 SCALES PL,GREENVILLE,ADJ PROPERTIES LLC,1730 MINLEY WAY,,APEX  NC 27502,658303.0,34384
MEDBLDG,1985,6392,5076 US 264 E,,TRIPP HOLDINGS LLC,5130 US 264 E,,GREENVILLE  NC 27834,602586.0,42795
OFFICE,1988,6384,110 E ARLINGTON BV,GREENVILLE,PIRATE LAWYERS LLC,110 E ARLINGTON BLVD,,GREENVILLE  NC 27858,915598.0,27385
OTHERMUNICP,2000,6324,255 ROLLINS DR,GREENVILLE,GREENVILLE CITY OF,PO BOX 7207,,GREENVILLE  NC 27835,1597287.0,40170
OFFICE,2002,6317,1103 CORPORATE DR,GREENVILLE,WARD HOLDINGS LLC,503 CHESAPEAKE PL,,GREENVILLE  NC 27858,902609.0,62976
OFFICE,1982,6300,200 EASTBROOK DR,GREENVILLE,NG ALEXANDER,NG NANCY,PO BOX 1953,ATLANTIC BEACH  NC 28512,468716.0,38071
CHURCHES,1984,6287,4174 WEST AV,AYDEN,NEW DELIVERANCE FWB CHURCH TRUSTEES,PO BOX 746,,AYDEN  NC 28513,215093.0,16110
MEDBLDG,2003,6240,3793 1 LEE ST,AYDEN,SMBC LEASING AND FINANCE INC,14400 METCALF AVE,,OVERLAND PARK  KS 66223,897805.0,58874
DAYCRCNTR,1989,6240,262 THIRD ST,AYDEN,ECONOMIC IMPROVEMENT COUNCIL INC,PO BOX 549,,EDENTON  NC 27932,492968.0,01892
OFCCONDO,2001,6234,1105 CORPORATE DR,GREENVILLE,SOUND PROPERTIES LLC,1105 A CORPORATE DR,,GREENVILLE  NC 27858,739711.0,62977
OFCCONDO,2002,6210,3851 102 DUNHAGAN RD,GREENVILLE,BCPS PROPERTIES LLC,3851 DUNHAGAN RD STE 102,,GREENVILLE  NC 27858,770540.0,70343
MEDBLDG,1996,6196,4796 OLD TAR RD,WINTERVILLE,WINTER VILLAGE MEDICAL PROPERTIES LLC,1850 W ARLINGTON BLVD,,GREENVILLE  NC 27834,815599.0,53004
OFFICE,1998,6182,507 SE GREENVILLE BV,GREENVILLE,GMAKS LLC,6616 REST HAVEN DR,,RALEIGH  NC 27612,645271.0,16806
OFFICE,2003,6171,2995 RADIO STATION RD,GREENVILLE,WOOTEN DEVELOPMENT COMPANY,PO BOX 10907,,GOLDSBORO  NC 27532,955953.0,66147
MEDCONDO,1999,6152,2010 A W ARLINGTON BV,GREENVILLE,VJH PROPERTIES LLC,605 ASHBURTON DR,,GREENVILLE  NC 27858,861752.0,63170
OFFICE,1996,6138,1692 E ARLINGTON BV,GREENVILLE,WARD MARK A TRUSTEE CECIL S MIZELLE,MIZELLE CECIL S,ETAL,GREENVILLE  NC 27858,762744.0,53500
BANKS,1994,6130,2296 CHARLES BV,GREENVILLE,STATE EMPLOYEES CREDIT UNION,GREENVILLE II,PO BOX 26807,RALEIGH  NC 27611,2484407.0,53346
OFFICE,1999,6120,205 PLAZA DR,GREENVILLE,WILLIAMS INVESTMENT PROPERTIES LLC,100 OAKMONT DR UNIT B,,GREENVILLE  NC 27858,755555.0,43763
MEDBLDG,1987,6110,505 SE GREENVILLE BV,GREENVILLE,GARDNER HOLDING COMPANY LLC,506 LONG POINT RD,,CHOCOWINITY  NC 27817,1104516.0,16818
CHURCHES,2001,6060,2866 SEVEN PINES RD,,ST PETERS DISCIPLE CHURCH OF CHRIST,2866 SEVEN PINES RD,,GREENVILLE  NC 27834,813920.0,35785
CHURCHES,1975,6035,7709 PITT ST,GRIMESLAND,GRIMESLAND FWB CHURCH,PO BOX 279,,GRIMESLAND  NC 27837,711126.0,30769
CHURCHES,1996,6022,400 STATON HOUSE RD,,KINGDOM HALL OF JEHOVAHS WITNESSES,400 STATON HOUSE RD,,GREENVILLE  NC 27834,799547.0,55045
MEDCONDO,2002,6017,2460 EMERALD PL,GREENVILLE,MD KOMBOS LLC,44 17 28TH AV APT 3F,,ASTORIA  NY 11103,1116208.0,65173
MEDCONDO,2002,6017,2450 EMERALD PL,GREENVILLE,BRM GREENVILLE LLC,PO BOX 20822,,WINSTON-SALEM  NC 27120,1050455.0,65174
MEDCONDO,1987,6000,2303 EXECUTIVE CI,GREENVILLE,W J ROBERSON RENTALS LLC,174 STONEY KNOB RD,,WEAVERVILLE  NC 28787,853537.0,43465
OFFICE,1988,6000,3011 S MEMORIAL DR,GREENVILLE,ACT INVESTMENTS LLC,720 COTTON FARM RD,,PINETOPS  NC 27864,498378.0,45514
CHURCHES,1990,6000,2523 FLOYD HARRIS RD,,LIGHTHOUSE CHURCH OF GREENVILLE NC,3259 CLEMMONS SCHOOL RD,,STOKES  NC 27884,827336.0,49706
OTHERMUNICP,1987,6000,3826 JAMES ST,BETHEL,BETHEL TOWN OF,PO BOX 337,,BETHEL  NC 27812,270810.0,06563
OTHERMUNICP,2004,6000,2613 RAILROAD ST,WINTERVILLE,WINTERVILLE TOWN OF,PO BOX 1459,,WINTERVILLE  NC 28590,1121333.0,07110
OFFICE,1996,6000,4061 EAST AV,AYDEN,AYDEN TOWN OF,PO BOX 219,,AYDEN  NC 28513,539849.0,05267
OFFICE,1985,5964,315 CLIFTON ST,GREENVILLE,BETTER CONNECTIONS INC,PO BOX 3381,,GREENVILLE  NC 27836,508621.0,74952
DAYCRCNTR,1991,5938,118 W FIRE TOWER RD,GREENVILLE,LONG RIDGE INVESTMENTS LLC,PO BOX 642,,WASHINGTON  NC 27889,749688.0,50114
OFFICE,1975,5880,3818 STANTONSBURG RD,,CARRAWAY JAMES ANTHONY,1539 SEVEN PINES RD,,FOUNTAIN  NC 27829,88395.0,30714
MEDBLDG,2005,5795,855 JOHNS HOPKINS DR,GREENVILLE,JASA PROP LLC,1910 E FIFTH ST,,GREENVILLE  NC 27858,1109244.0,34382
MEDBLDG,1995,5786,1688 E ARLINGTON BV,GREENVILLE,SMITH TERESA ANNETE,1184 FORLINES ROAD,,WINTERVILLE  NC 28590,952915.0,54136
OFFICE,1986,5774,2404 CHARLES BV,GREENVILLE,GREENVILLE RE HOLDINGS LLC,PO BOX 2571,,GREENVILLE  NC 27836,565968.0,33086
OFFICE,1986,5710,499 SE GREENVILLE BV,GREENVILLE,GENERAL UTILITY COMPANY INC,B/T STORAGE LLC,ETAL,BENSON  NC 27504,633386.0,16812
OFFICE,1999,5660,710 CROMWELL DR,GREENVILLE,PERRYS 1 LLC,PO BOX 1475,,KINSTON  NC 28503,685939.0,75959
MEDBLDG,1993,5642,1705 G S MEMORIAL DR,GREENVILLE,PITT COUNTY MEMORIAL HOSPITAL INCORPORATED,2100 STANTONSBURG RD,,GREENVILLE  NC 27835,750162.0,38749
CHURCHES,1993,5624,210 WILSON ST,GREENVILLE,CHERRY LANE FWB CHURCH,210 WILSON ST,,GREENVILLE  NC 27834,626620.0,10837
OTHERMUNICP,1977,5592,2501 N MEMORIAL DR,,STATON HOUSE FIRE DEPT INC,2501 N MEMORIAL DR,,GREENVILLE  NC 27834,648164.0,26262
OFFICE,1991,5515,1206 EVANS ST,GREENVILLE,MONT LLC,PO BOX 1574,,GREENVILLE  NC 27835,419671.0,03738
OFFICE,1997,5509,1302 E FIRE TOWER RD,GREENVILLE,ARROW GROUP LLC,1302 E FIRE TOWER RD,,GREENVILLE  NC 27858,779647.0,56710
CHURCHES,1997,5500,3316 LYNCH ST,,UNION PRIMITIVE BAPTIST ASSOCIATION,PO BOX 713,,FOUNTAIN  NC 27829,572054.0,27320
OTHERCOUNTY,1977,5460,2407 S MEMORIAL DR,GREENVILLE,PITT COUNTY,1717 W FIFTH ST,,GREENVILLE  NC 27834,625477.0,14146
OFFICE,2000,5455,2825 CHARLES BV,GREENVILLE,CEDAR LANDING PROPERTIES LLC,3 REST HAVEN ROAD EXT,,BATH  NC 27808,861747.0,62027
OTHERCOUNTY,1982,5450,4189 NC 33 W,,BELVOIR VOLUNTEER FIRE DEPT INC,PO BOX 57,,FALKLAND  NC 27827,432888.0,34255
OFFICE,1983,5404,102 OAKMONT DR,GREENVILLE,EASTERN INVESTMENTS LLC,227 WINDSOR RD,,GREENVILLE  NC 27858,364280.0,30493
OFFICE,1977,5404,1206 CHARLES BV,GREENVILLE,NORTH CAROLINA STATE OF,116 W JONES ST,,RALEIGH  NC 27603,702192.0,16464
OFCCONDO,2002,5400,2780 D DICKINSON AVENUE EX,GREENVILLE,SALTER PATH CAMP GROUND INC,PO BOX 2323,,ATLANTIC BEACH  NC 28512,689047.0,71627
MEDBLDG,2000,5376,410 SPRING FOREST RD,GREENVILLE,WILKO PROPERTIES 6 LLC,801 PLAZA BV,,KINSTON  NC 28501,1246969.0,52664
CHURCHES,2003,5364,962 JACK JONES RD,,FRIENDS IN FELLOWSHIP CHRISTIAN CHURCH INC,PO BOX 2444,,WINTERVILLE  NC 28590,845866.0,66116
MEDBLDG,2004,5340,3282 CHARLES BV,GREENVILLE,WNR PROPERTIES LLC,3282 CHARLES BLVD,,GREENVILLE  NC 27858,928574.0,47541
CHURCHES,1986,5320,4351 E TENTH ST,,BAYT SHALOM,PO BOX 2713,ECU STATION,GREENVILLE  NC 27836,1211471.0,43764
DAYCRCNTR,1990,5306,4151 E TENTH ST,GREENVILLE,RISING STARS OF NORTH CAROLINA LLC,9402 STANTONSBURG RD,,WALSTONBURG  NC 27888,635264.0,26107
MEDBLDG,1993,5302,707 W H SMITH BV,GREENVILLE,MATLACK INVESTMENTS LLC,2587 RAVENHILL DR,,FAYETTEVILLE  NC 28303,836090.0,51241
MEDCONDO,2001,5298,2070 W ARLINGTON BV,GREENVILLE,SILVER OAKS CAPITAL LLC,1112 SILVER OAKS CT,,RALEIGH  NC 27614,816415.0,59379
CHURCHES,2005,5259,1062 ROOSEVELT SPAIN RD,,CASA DEL ALFARERO DE GREENVILLE INC,3597 PAULS PATH RD,,LAGRANGE  NC 28551,526605.0,45522
OFFICE,1994,5225,601 SE GREENVILLE BV,GREENVILLE,KIRKLAND DRIVE ASSOCIATES,PO BOX 8346,,ROCKY MOUNT  NC 27804,641870.0,16809
OFFICE,1989,5220,501 SE GREENVILLE BV,GREENVILLE,MCLAWHORN CHARLES L JR,MCLAWHORN ELISA M,3592 NC 903 SOUTH,WINTERVILLE  NC 28590,570452.0,16817
OFCCONDO,2003,5220,2140 D W ARLINGTON BV,GREENVILLE,GENIUS ARLINGTON LLC,20 GARDEN PL,,JERICHO  NY 11753,837696.0,67393
OFCCONDO,1994,5201,498 A RED BANKS RD,GREENVILLE,WHHS RE LLC,498 A RED BANKS RD,,GREENVILLE  NC 27858,696108.0,82755
OFFICE,1985,5200,323 CLIFTON ST,GREENVILLE,WILLIAMSBURG COMMONS OFFICE PARK LLC,323 CLIFTON ST,,GREENVILLE  NC 27858,501490.0,41702
CHURCHES,1997,5200,111 SUNSET ACRES LN,,HADDOCKS UNITED AMERICAN FWB CHURCH,111 SUNSET ACRES LN,,WINTERVILLE  NC 28590,683436.0,33458
DAYCRCNTR,1981,5186,1933 N MEMORIAL DR,GREENVILLE,ORE KHATEETA M,1023 SUNNYFIELD DR,,GREENVILLE  NC 27858,298630.0,37836
MEDBLDG,1991,5160,2490 STANTONSBURG RD,GREENVILLE,STANTONSBURG ASSOCIATES LLC,115 REGENCY BLVD,,GREENVILLE  NC 27834,787177.0,48581
MEDCONDO,1998,5136,615 S MEMORIAL DR,GREENVILLE,LBCR INVESTMENTS LLC,944 VAN GERT DRIVE,,WINTERVILLE  NC 28590,1156146.0,82145
OFFICE,1987,5124,109 COTANCHE ST,GREENVILLE,R P G INC,PO BOX 929,,GREENVILLE  NC 27835,609249.0,19007
MEDBLDG,1993,5106,3118 E TENTH ST,GREENVILLE,J&H TENTH STREET LLC,4313 SOUTHLEA DR,,WINTERVILLE  NC 28590,665198.0,51840
OFFICE,1997,5100,1210 E ARLINGTON BV,GREENVILLE,NCA LLC,1210 E ARLINGTON BV,,GREENVILLE  NC 27858,678435.0,57642
OFFICE,2004,5100,115 REGENCY BV,GREENVILLE,REGENCY PLACE LLC,115 REGENCY BLVD,,GREENVILLE  NC 27834,872040.0,59204
OFFICE,1999,5100,2285 B COUNTY HOME RD,GREENVILLE,SAAD KIMBERLY GRAY,SAAD GEORGE S JR,7000 BALTUSROL LN,CHARLOTTE  NC 28210,389010.0,63087
MEDCONDO,1995,5095,2317 EXECUTIVE CI,GREENVILLE,HERITAGE DEVELOPMENT CO OF GREENVILLE INC,2301 EXECUTIVE PARK CIR,,GREENVILLE  NC 27834,766258.0,43462
CHURCHES,1975,5090,4334 WEST PINE ST,FARMVILLE,MACEDONIA MISSIONARY BAPTIST CHURCH,CHESTNUT MELVIN TRUSTEE,ETAL,FARMVILLE  NC 27828,434937.0,80325
OFFICE,1997,5077,105 D E VICTORIA CT,GREENVILLE,VICTORIA COURT PROPERTIES LLC,105-D E VICTORIA CT,,GREENVILLE  NC 27858,652330.0,55694
OFFICE,1999,5070,3493 EVANS ST,GREENVILLE,TIB LLC,BUTLER DONALD EUGENE TRUSTEE DON AND FAYE BUTLER REVOCAB TRUSTEE,27 ANNETTE DR STE 107,BENSON  NC 27504,564863.0,57864
OFFICE,1999,5070,3491 EVANS ST,GREENVILLE,W & L RENTAL PROPERTIES LLC,193 PENINSULA POINT DR,,MONETA  VA 24121,564863.0,57863
OFFICE,1999,5048,103 COMMERCE ST,GREENVILLE,WILLIAMS INVESTMENTS PROPERTIES LLC,100 OAKMONT DR UNIT B,,GREENVILLE  NC 27858,641783.0,27390
OFFICE,2003,5048,903 E ARLINGTON BV,GREENVILLE,PHC MANAGEMENT LLC,903 E ARLINGTON BLVD,UNIT A,GREENVILLE  NC 27858,780896.0,66992
OFCCONDO,1988,5040,2406 . CHARLES BV,GREENVILLE,THREE DOGS PROPERTIES LLC,1117 OXNER COVE RD,,WAYNESVILLE  NC 28786,504450.0,33087
BANKS,1992,5038,101 W FIRE TOWER RD,WINTERVILLE,BRANCH BANKING AND TRUST COMPANY,TAX COMPLIANCE DEPT,PO BOX 167,WINSTON SALEM  NC 27102,1123799.0,44165
MEDBLDG,1977,5016,7 MEDICAL DR,GREENVILLE,PCMH MANAGEMENT INC,PO BOX 6028,,GREENVILLE  NC 27835,734890.0,32114
CHURCHES,2005,5016,4346 SOUTH EDGE RD,AYDEN,NEW DELIVERANCE CHURCH OF CHRIST DISCIPLES OF CHRIST,719 HOOKER RD,,GREENVILLE  NC 27834,841390.0,71089
OFFICE,1984,5002,219 COMMERCE ST,GREENVILLE,J CORE HOLDINGS LLC,517 MARY LEE CT,,WINTERVILLE  NC 28590,385747.0,26135
MEDBLDG,2000,5002,835 JOHNS HOPKINS DR,GREENVILLE,TRIPP FARMS LLC,100 HICKORY ST,UNIT S 200,GREENVILLE  NC 27858,872101.0,34380
OFFICE,2003,5000,2691 L T HARDEE RD,,CYBERSHARK HOLDINGS LLC,2691 L T HARDEE RD,,GREENVILLE  NC 27858,393641.0,66844
CHURCHES,2002,5000,1803 FLEMING SCHOOL RD,,HIGHWAY OF HOLINESS MIRACLE OF FAITH SOUL SAVING STATION INC,1803 FLEMING SCHOOL RD,,GREENVILLE  NC 27834,724444.0,47435
DAYCRCNTR,2002,5000,1332 ROUSE RD,,SHROCK GWYNNE MORRIS,1342 ROUSE RD,,GREENVILLE  NC 27858,341506.0,39135
OFFICE,1985,4972,223 COMMERCE ST,GREENVILLE,J CORE HOLDINGS LLC,517 MARY LEE CT,,WINTERVILLE  NC 28590,394279.0,26136
OTHERMUNICP,1978,4899,1703 E FOURTEENTH ST,GREENVILLE,GREENVILLE CITY OF,PO BOX 7207,,GREENVILLE  NC 27835,1634081.0,32775
OFFICE,2000,4888,3531 MOYE TURNAGE RD,FARMVILLE,BARROW SUSAN D,4846 SYLVIA AVE,,FARMVILLE  NC 27828,541950.0,49674
OFFICE,1986,4880,301 W FOURTEENTH ST,GREENVILLE,BAPA MARTIN LLC,PO BOX 776,,GREENVILLE  NC 27835,414589.0,05340
OFFICE,2003,4823,209 E ARLINGTON BV,GREENVILLE,CAROLINA PREGNANCY CENTER,PO BOX 1964,,GREENVILLE  NC 27835,830832.0,51543
MEDCONDO,1999,4815,2080 W ARLINGTON BV,GREENVILLE,GREENVILLE MEDICAL PROPERTIES LLC,PO BOX 985,,MILLERS CREEK  NC 28651,702517.0,59925
OFCCONDO,1998,4800,4052 E S MEMORIAL DR,GREENVILLE,ARCW INC,4052 E SOUTH MEMORIAL DR,,WINTERVILLE  NC 28590,530133.0,62279
OFFICE,1985,4756,2408 CHARLES BV,GREENVILLE,2408 CHARLES BLVD LLC,430 BAYWOOD DR,,WINTERVILLE  NC 28590,690743.0,33088
BANKS,1990,4753,1001 RED BANKS RD,GREENVILLE,EAST CAROLINA BANK THE,626 WASHINGTON PLACE,ATTN: REAL ESTATE,PITTSBURGH  PA 15219,1593488.0,48275
MEDBLDG,1976,4726,108 OAKMONT DR,GREENVILLE,CARENET COUNSELING EAST,108 OAKMONT DR,,GREENVILLE  NC 27858,519377.0,30496
CHURCHES,1991,4717,1867 KINSAUL WILLOUGHBY RD,,HOUSE OF WORSHIP HOLINESS CHURCH INC,1575 ELLWOOD DR,,GREENVILLE  NC 27834,583182.0,37780
OFFICE,1978,4711,103 OAKMONT DR,GREENVILLE,M2 PROPERTIES LLC,2622 WINDING COVE DR,,GRIMESLAND  NC 27837,365230.0,30509
OFFICE,2005,4711,2269 STANTONSBURG RD,GREENVILLE,MAVTAR ASSET MANAGEMENT LLC,103 WEST BLVD,,WILLIAMSTON  NC 27892,911529.0,41493
CHURCHES,1980,4673,3327 MOBLEYS BRIDGE RD,,CHRIST MINISTRIES WHOSOEVER WILL INC,PO BOX 39,,WASHINGTON  NC 27889,400572.0,54254
MEDBLDG,1989,4672,402 BOWMAN GRAY DR,GREENVILLE,STATE OF NORTH CAROLINA,1321 MAIL SERVICE CENTER,,RALEIGH  NC 27699,681987.0,81785
OFFICE,1977,4666,401 S PITT ST,GREENVILLE,LOPRO LLC,401 W 1ST ST,,GREENVILLE  NC 27834,376873.0,27592
MEDBLDG,1985,4648,702 JOHNS HOPKINS DR,GREENVILLE,WILLIAMS INVESTMENT PROPERTIES LLC,100 OAKMONT DR UNIT B,,GREENVILLE  NC 27858,725222.0,34368
DAYCRCNTR,1979,4635,1026 RED BANKS RD,GREENVILLE,BRODY 2012 GST TRUST FBO SAMANTHA LEIGH BRODY,BRODY 2012 GST TRUST FBO WILLIAM COPELAND BRODY,ETAL,GREENVILLE  NC 27858,491091.0,35253
DAYCRCNTR,1977,4629,105 AIRPORT RD,GREENVILLE,FOLLOW THE SON OF GREENVILLE INC,2728 PRESTONWOOD DR,,GRIMESLAND  NC 27837,224742.0,39039
OFFICE,2002,4612,2095 EVANS ST,GREENVILLE,MCGEE KENNETH J,2527 S 17TH STREET,,WILMINGTON  NC 28401,877873.0,62974
OFFICE,1995,4610,906 MOYE BV,GREENVILLE,MMP HOLDINGS LLC,906 MOYE BLVD,,GREENVILLE  NC 27834,825047.0,50500
BANKS,1979,4590,212 S GREENE ST,GREENVILLE,PITT COUNTY,JOANNE BURGDORFF,1717 W. 5TH ST.,GREENVILLE  NC 27835,854720.0,23890
OFFICE,1975,4578,231 COMMERCE ST,GREENVILLE,WOOTEN DEVELOPMENT COMPANY,PO BOX 10907,,GOLDSBORO  NC 27532,621391.0,27400
OFFICE,2003,4558,211 E ARLINGTON BV,GREENVILLE,VARTHAK VENTURES LLC,PO BOX 3009,,KITTY HAWK  NC 27949,653636.0,51544
CHURCHES,1989,4540,5659 BARRETT RD,,KINGDOM EMBASSY NATION CHURCH INTERNATIONAL,732 BURTON ST,,ROCKY MOUNT  NC 27803,412993.0,38803
OFCCONDO,2000,4524,102 B REGENCY BV,GREENVILLE,RANDOLPH HOLDINGS LLC,1166 OAK HIL DR,,GREENVILLE  NC 27858,660379.0,66832
OFFICE,1984,4500,3730 CHARLES BV,,EAST SUQ PROPERTIES LLC,3905 HUDSONS CROSROADS RD,,GREENVILLE  NC 27858,655490.0,37681
OFCCONDO,1985,4458,150 E E ARLINGTON BV,GREENVILLE,K & L CORPORATION OF NC INC,4313 SOUTHLEA DR,,WINTERVILLE  NC 28590,471179.0,42707
OTHERMUNICP,1993,4439,200 STATON RD,GREENVILLE,GREENVILLE CITY OF,PO BOX 1847,,GREENVILLE  NC 27835,769190.0,50899
MEDBLDG,1985,4430,206 THIRD ST,AYDEN,WILKO PROPERTIES 8 LLC,801 PLAZA BLVD,,KINSTON  NC 28501,360345.0,12210
OFFICE,1986,4424,201 PLAZA DR,GREENVILLE,MCCARTHY TIMOTHY A,MCCARTHY NATALIE BLAND,201 PLAZA DR,GREENVILLE  NC 27858,486907.0,38074
MEDBLDG,1985,4391,3210 EVANS ST,GREENVILLE,DVM SERVICES REALTY LLC,4909 EXPRESSWAY DR,,WILSON  NC 27893,512935.0,42353
MEDBLDG,1991,4390,705 W H SMITH BV,GREENVILLE,BELAC HILL LLC,4520 SOUTHLEA DR,,WINTERVILLE  NC 28590,797895.0,50271
OFFICE,1979,4385,0 RED BANKS RD,GREENVILLE,TOWNE BANK,6001 HARBOUR VIEW BLVD,,SUFFOLK  VA 23435,564043.0,35421
OFFICE,1980,4361,1994 STANTONSBURG RD,GREENVILLE,COOKE HMAW PROPERTIES LLC,P O BOX 3886,,GREENVILLE  NC 27836,736197.0,34718
OFFICE,2003,4360,1100 PROFESSIONAL DR,GREENVILLE,CEM PROPERTIES LLC,912 NOTTINGHAM RD,,GREENVILLE  NC 27858,545867.0,62987
DAYCRCNTR,1988,4359,615 COUNTRY CLUB DR,GREENVILLE,MMT MANAGEMENT LLC,740 SE GREENVILLE BLVD,SUITE 400-252,GREENVILLE  NC 27858,521035.0,45517
OFCCONDO,1999,4299,1696 E ARLINGTON BV,GREENVILLE,CAWG PROPERTIES LLC,1696 E ARLINGTON BLVD,,GREENVILLE  NC 27858,569538.0,54168
OTHERMUNICP,1991,4296,2770 THOMPSON ST,SIMPSON,SIMPSON VILLAGE OF,PO BOX 10,,SIMPSON  NC 27879,403478.0,06688
OFFICE,2001,4294,2404 WINTERVILLAGE DR,WINTERVILLE,ANIMAL CARE EAST HOLDINGS LLC,624 MCMILLAN LN,,GREENVILLE  NC 27834,569829.0,24070
MEDCONDO,1987,4280,2245 O STANTONSBURG RD,GREENVILLE,EMERALD PROPERTY MANAGEMENT LLC,2470 EMERALD PL SUITE C,,GREENVILLE  NC 27834,531234.0,50532
OFFICE,1985,4273,211 W FOURTEENTH ST,GREENVILLE,EKG PROPERTIES LLC,3936 DUNHAGAN RD,,GREENVILLE  NC 27858,474727.0,82873
OFFICE,1994,4262,614 COUNTRY CLUB DR,GREENVILLE,HWH PARTNERSHIP,2117 ROYAL DR,,WINTERVILLE  NC 28590,457653.0,50904
OFCCONDO,2005,4260,2790 A DICKINSON AVENUE EX,GREENVILLE,LIDO PROPERTIES LLC,PO BOX 542,,VANCEBORO  NC 28586,491651.0,67174
OFFICE,1975,4258,122 W ANDREWS ST,BETHEL,ADAMS KEVIN G,PO BOX 148,,BETHEL  NC 27812,209454.0,01670
OFFICE,1978,4258,131 OAKMONT DR,GREENVILLE,UNITARIAN UNIVERSALIST CONGREGATION OF GREENVILLE NC INC THE,131 OAKMONT DR,,GREENVILLE  NC 27858,333836.0,30511
MEDBLDG,1977,4254,110 OAKMONT DR,GREENVILLE,EVANS & LEE PROPERTIES LLC,110 OAKMONT DR,,GREENVILLE  NC 27858,483372.0,28194
MEDBLDG,1989,4254,2200 BEASLEY DR,GREENVILLE,PITT COUNTY MEMORIAL HOSPITAL INC DBA VIDANT MEDICAL CENTER,2100 STANTONSBURG RD,,GREENVILLE  NC 27834,525473.0,47847
MEDBLDG,2002,4246,304 MCCRAE ST,GRIFTON,QUADRANGLE PROPERTIES III LLC,1850 W ARLINGTON BLVD,,GREENVILLE  NC 27834,386733.0,04954
OFCCONDO,1984,4243,202 W E ARLINGTON BV,GREENVILLE,M & B RE HOLDINGS LLC,202 E ALINGTON BLVD STE W,,GREENVILLE  NC 27858,507199.0,41407
OFFICE,1977,4230,201 E ARLINGTON BV,GREENVILLE,MCLAWHORN LEON DAIL,LING TSIN YUEN JEANNE,4079 NC 903 HY S,WINTERVILLE  NC 28590,607789.0,32083
OFFICE,1997,4210,104 C E VICTORIA CT,GREENVILLE,CONNEELY JANE DAUGHETY TRUSTEE JANE DAUGHETY CONNEELY REVO TRUST,210 A RESERVE GREEN DR,,MOREHEAD CITY  NC 28557,542711.0,55696
HOMEFOR-AGED,2000,4191,3607 SOUTH PITT ST,FARMVILLE,MID EAST DEVELOPMENT CORP,PO BOX 25088,,WINSTON SALEM  NC 27114,568152.0,57821
OFFICE,1984,4142,325 CLIFTON ST,GREENVILLE,CLIFTON STREET HOLDINGS LLC,102 CRESTLINE PL,,GREENVILLE  NC 27834,356288.0,40505
DAYCRCNTR,1995,4120,208 LAURIE ELLIS RD,WINTERVILLE,HARRELL WILLIAM DAVID,HARRELL CAROLYN,5838 REEDY BRANCH RD,AYDEN  NC 28513,270890.0,54695
MEDBLDG,1999,4112,1909 TURNBURY DR,GREENVILLE,MCCALL G GIBSON III AKA GLENN G MCCALL III,MCCALL EMILIA T,209 STEWARD LN,GREENVILLE  NC 27858,884771.0,59303
OFFICE,1976,4060,9571 WEST MARLBORO RD,FARMVILLE,FARRIOR & SONS INC,PO BOX 127,,FARMVILLE  NC 27828,210722.0,32544
OFCCONDO,1996,4024,502 A RED BANKS RD,GREENVILLE,MCCARTHY TIMOTHY A,MCCARTHY NATALIE B,1205 TRAFALGAR RD,WINTERVILLE  NC 28590,527115.0,55474
OFFICE,1979,4004,200 W THIRD ST,GREENVILLE,HOWARD ROBERT KEVIN,100 E BERKSHIRE RD,,GREENVILLE  NC 27858,457053.0,20271
DAYCRCNTR,1991,4000,2665 VIRGINIA ST,SIMPSON,PHILLIPPI MISSIONARY CHURCH,PO BOX 124,,SIMPSON  NC 27879,169107.0,48347
OFFICE,1984,4000,3204 BISMARCK ST,GREENVILLE,PLAINS COASTAL PROPERTIES LLC,3204 BISMARK ST,,GREENVILLE  NC 27858,408059.0,12920
FIRE-STATION,2000,4000,9521 COUNTY HOME RD,,GARDNERVILLE VOLUNTEER FIRE DEPT,PO BOX 4443,,GREENVILLE  NC 27836,340665.0,60883
