name,address,city,zip,phone,type,hood_hits,repeat,last_inspection,inspector_note
SINO WOK,5959-1108 TRIANGLE TOWN BLV ,RALEIGH,27616,(919) 792-2499,2 - Food Stands,4,True,2026-05-08,ve.  6-501.12; Core - (REPEAT) Observed soiled vent hood filters; ceiling vents; tiles and light shields. Flooring w
TACO BELL #32555,8470 LOUISBURG RD ,RALEIGH,27616,(919) 703-0259,1 - Restaurant,4,True,2026-07-27, or with accumulated water. Ventilation hood and filters had grease/soil build-up. Physical facilities shall be kept clean. Increase clean
HIBACHI K EXPRESS,4001 WIDE WATERS SUITE B PKY ,KNIGHTDALE,27545,(919) 217-8875,1 - Restaurant,4,True,2026-07-30,orners; floor drains; drain pipes; vent hood filters; and walls under and around equipment/sinks. Ceiling tiles
CHINA HOUSE,7063 KNIGHTDALE BLVD,KNIGHTDALE,27545,(919) 217-4484,1 - Restaurant,4,True,2026-08-04,alls; floors; floor drains; ventilation hood with filters and light shields; bathroom door sides/edges; door frames 
CHILI'S GRILL AND BAR #1183,6605 KNIGHTDALE BLVD ,KNIGHTDALE,27545,(919) 261-0167,1 - Restaurant,4,False,2025-12-18,4-601.11(B) and (C); Core; Very minor cleaning is needed on the hoods and the chicken hot hold station.- Equipment nonfood conta
ASIA POT,3215 AVENT FERRY RD ,RALEIGH,27606-2720,(919) 233-8776,1 - Restaurant,4,False,2026-02-09,4-601.11(B) and (C); Core; Cleaning needed on hood ventilation system. Cleaning needed on exterior and interio
KASHIN RESTAURANT,309 CROSSROADS BLVD ,CARY,27511-6894,(919) 851-7101,1 - Restaurant,4,False,2026-03-24,ling panels and surfaces outside of the hood are soiled. Portion of the exterior of the hood is peeling (likely o
ORIENTAL PHO,5959 TRIANGLE TOWN BLVD,RALEIGH,27616,(919) 449-0807,2 - Food Stands,4,False,2026-04-27,g was taking place underneath; all vent hood filters were missing (being washed at 3-compartment sink)...The ve
CHINA WOK,2720 LAKE WHEELER RD ,RALEIGH,27603,(919) 821-3038,1 - Restaurant,4,False,2026-05-21,preclude accumulation of soil residues. Cleaning needed on grease accumulation at catch basin of hood ventilation system.
OLE TIME BARBECUE,6309 HILLSBOROUGH ST ,RALEIGH,27606-1148,(919) 859-2544,1 - Restaurant,4,False,2026-06-22,4-601.11(B) and (C); Core; Grease build-up on hood ventilation system above fryer station. Nonfood-contact sur
MECCA MARKET,3913 WESTERN BLVD ,RALEIGH,27606,(919) 613-1286,1 - Restaurant,4,False,2026-06-25,4-601.11(B) and (C); Core; Heavy residue build-up on hood-ventilation system. Debris observed on walls and gaskets in
THE CURRY CLUB,3281 AVENT FERRY RD ,RALEIGH,27606,(919) 821-7991,1 - Restaurant,4,False,2026-07-14,ing evaporator inside two-door freezer. Cleaning needed on hood ventilation system over grill station. Non-food contact sur
LUCKY 7,906 NE MAYNARD RD ,CARY,27513,(919) 380-7550,1 - Restaurant,4,False,2026-08-04, throughout the kitchen; as well as the hood above the grill line had dust and grease; and food residues. Gaskets on the walk in cooler and reach
HABIBI GRILL,1007 METHOD RD ,RALEIGH,27606,(919) 986-1928,1 - Restaurant,4,False,2026-08-06,1(B) and (C); Core; Very heavy soot/ash build-up observed on hood ventilation system over open fire grill station.
#1 CHINA WOK,942 GATEWAY COMMONS CIR ,WAKE FOREST,27587,(919) 570-1688,1 - Restaurant,4,False,2026-08-12,Observation:  The hood has grease accumulation. The outside of the fryer and other equipment 
LAS CAROLINAS GROCERY   GRILL,4905 GUY RD ,CLAYTON,27520,(919) 359-0089,2 - Food Stands,4,False,2026-08-21,lean the shelves in the walk-in cooler. Clean the hood baffles to remove the accumulation of grease build-up. Clea
FU KEE EXPRESS,6320 CAPITAL BLV,RALEIGH,27616,(919) 872-2661,1 - Restaurant,3,True,2025-08-08,es.  6-501.12; Core - (REPEAT) Observed soiled/greasy ventilation hood interiors and filters; ceiling tiles; walls and floors in k
BB'S CRISPY CHICKEN,1147 PARKSIDE MAIN ST,CARY,27519,(984) 272-3500,1 - Restaurant,3,True,2025-10-08,ed with black residues and food debris. Exhaust panels were soiled with accumulations of grease and food debris. Nonfood-contact surfaces of equipment shal
LOWES FOODS #226 DELI,"8440 LOUISBURG ROAD, SUITE 110",RALEIGH,27616,(919) 266-1031,2 - Food Stands,3,True,2026-02-18,t and shelves and in corners. Some vent hood surfaces/filters were soiled and with grease accumulation; and deli mop sink/can wash faucet had signifi
JAMAICAN GRILLE,5500 ATLANTIC SPRINGS  RD ,RALEIGH,27616,(919) 873-0200,1 - Restaurant,3,True,2026-03-18,e.   6-501.12; Core - (REPEAT) Observed soiled vent hood filters; kitchen flooring (corners/under equipment and back
DUCK DONUTS,8323 CREEDMOOR ROAD,RALEIGH,27613,(609) 513-7559,1 - Restaurant,3,True,2026-03-30,4-601.11(C); Core; Observed dust buildup on the hood vents and fire suppression sprayers.  Also observed flour a
HILTON GARDEN INN RESTAURANT,6412 CAPITAL  BLVD ,RALEIGH,27616,(919) 876-5650,1 - Restaurant,3,True,2026-04-23,  6-501.12; Core - (REPEAT) Ventilation hood filters; kitchen walls; and ceiling tiles/light shields were soile
FOX ROAD ELEMENTARY CAFETERIA,7101 FOX RD,RALEIGH,27616-6353,(919) 850-8845,11 - Public School Lunch,3,True,2026-04-29,EAT) Small vent holes under ventilation hood had dust build-up; and a few ceiling light shields had accumulation of ins
JAPAN XO,7811 MIDDLE POYNER DR,RALEIGH,27616,(919) 916-5150,1 - Restaurant,3,True,2026-05-26, in corners; soiled kitchen walls; vent hood filters; and floor drains. Physical facilities shall be kept clean
BALI HAI,9650 STRICKLAND RD,RALEIGH,27615,(984) 242-4314,1 - Restaurant,3,True,2026-06-09,amination of foods observed. Intake and exhaust air ducts shall be cleaned and filters changed so they are not a source of contamination by dust;
FOOD LION #572 DELI,8320-120 LITCHFORD RD ,RALEIGH,27615-2464,(919) 790-8146,2 - Food Stands,3,True,2026-06-18, soiled flooring in deli walk-in units; soiled vent hood filters about deli cooking line and dusty ceiling vent grat
OLIVE GARDEN,4805 CAPITAL BLVD,RALEIGH,27616-4483,(919) 954-8557,1 - Restaurant,3,True,2026-06-29,s.   6-501.12; Core - (REPEAT) Observed soiled vent hood stacks above dish machine and some soiled flooring under eq
CHAI'S ASIAN BISTRO,8347 CREEDMOOR  RD ,RALEIGH,27613,(919) 341-3715,1 - Restaurant,3,True,2026-07-23,4-602.13; Core; Observed grease drip buildup and discoloration on the hood vents.  Non-food contact surfaces of equipment shall be cle
HIBACHI 88,8410 LOUISBURG RD ,RALEIGH,27616-5906,(919) 752-6288,1 - Restaurant,3,True,2026-07-27,6-501.12; Core - (REPEAT) Ventilation hood filters had large build-up of grease; and kitchen sink drain pipes; some walls and baseboards we
BURGER KING #6010,7300 CREEDMOOR RD ,RALEIGH,27613-1637,(919) 846-9002,1 - Restaurant,3,True,2026-08-14,4-601.11(C); Core; Observed significant grease buildup on hood vent inserts and surrounding metal components around the de
LECHON,5959 TRIANGLE TOWN BLVD ,RALEIGH,27616,(919) 793-9913,1 - Restaurant,3,True,2026-08-24,bathrooms was soiled. Cooking line vent hood filters were soiled with grease build-up and stacks/hood above dish machine had soil accumulation
HIBACHI 101,7870 ALEXANDER PROMENADE PL ,RALEIGH,27617,(919) 569-2888,1 - Restaurant,3,False,2025-04-30,nts and fans in the kitchen. Intake and exhaust air ducts shall be cleaned; and filters changed so they are not a source of contamin
FRESH INTERNATIONAL KITCHEN,10341 MONCREIFFE RD,RALEIGH,27617,(574) 302-2884,1 - Restaurant,3,False,2025-06-30,4-204.11; Core; An excessive amount of residue and grease buildup present on the hood above the cook line. Exhaust ventilation hood systems in fo
CHINA ONE,661 CARY TOWNE BLVD,CARY,27511-4219,(919) 461-0088,1 - Restaurant,3,False,2025-07-24,4-602.13 Nonfood Contact Surfaces  (C) Hood filters have grease build up. Nonfood contact surfaces shall be cleaned at a frequenc
EL DORADO MEXICAN RESTAURANT,2811 BRENTWOOD RD,RALEIGH,27604-3225,(919) 872-8440,1 - Restaurant,3,False,2025-10-09, equipment is in operation. Ventilation hood systems and devices shall prevent grease or condensation from collecting on EQUIPMENT; walls; and ce
WHOLE FOODS MARKET CAFE,3540 WADE AVE ,RALEIGH,27607-4048,(919) 828-5805,1 - Restaurant,3,False,2026-01-20,ut in need of cleaning. Oven; stove and hood vents in need of cleaning. Nonfood-contact surfaces of equipment shall be kept fre
WENDY'S,1000 AERIAL CENTER PKY ,MORRISVILLE,27513,(919) 481-3650,1 - Restaurant,3,False,2026-04-21,ood Contact Surfaces; and Utensils  (C) Exhaust vent panels on make-line fryer was soiled. Interior of reach-in freezer was soiled with food debris
ABBOTTS CREEK ELEMENTARY CAFETERIA,9900 DURANT RD ,RALEIGH,27614,(919) 694-0555,11 - Public School Lunch,3,False,2026-05-21,ore; Use of the steamer causes water to drip from water supply line as well as buildup in the hood and quickly fill overflow pan. Maintain equipment in good r
KENTUCKY FRIED CHICKEN,4040 CAPITAL BLVD ,RALEIGH,27604,(913) 469-1112,1 - Restaurant,3,False,2026-07-20,peed racks in the kitchen observed with grease accumulation and the hoods metal pipes for fire system has accumulation of grease.- K
TEXAS STEAKHOUSE AND SALOON,948 AIRPORT BLVD,MORRISVILLE,27560-9193,(919) 468-7194,1 - Restaurant,3,False,2026-07-28,with food and other residues. Panels on exhaust hood were soiled with accumulations of grease. Nonfood-contact surfaces shall be kept free of an accumula
SANGAM CAFE SATELLITE LOCATION,100 JERUSALEM DR,MORRISVILLE,27560,,2 - Food Stands,3,False,2026-07-30,ood Contact Surfaces; and Utensils  (C) Exhaust vent panels have accumulations of grease and food debris. Gaskets of coolers were soiled. Chest free
IPHO SUSHI KITCHEN   BAR,4001 WIDEWATERS PKY ,KNIGHTDALE,27545,(919) 266-8099,1 - Restaurant,3,False,2026-07-30,4-601.11(B) and (C); Core; Cleaning is needed on equipment throughout such as the hoods; handsinks; sides of cooking equipment; etc... Equipment n
PERI PERI BISTRO,8531 BRIER CREEK PKY ,RALEIGH,27617,(984) 244-7127,1 - Restaurant,3,False,2026-07-31,4-204.11; Core; Residue buildup present on the hood above the oven and grill; potentially leading to drip above
THE MASON JAR TAVERN,305 S MAIN ST ,FUQUAY-VARINA,27526,(919) 762-5555,1 - Restaurant,3,False,2026-08-03,led with dust and food residue buildup. Hood over cook line soiled with greasy buildup back of oven with flour buildup. Non-food contact surfaces shall be kept free of a buildu
J. ALEXANDER'S,4600 CRABTREE VALLEY AVE ,RALEIGH,27612,(984) 200-4493,1 - Restaurant,3,False,2026-08-11,ling tiles leading form the ventilation hood to the rear door entrance are coated with grease/vapor buildup;  6-501.12 Cleaning; Frequency and Restrictions  (C) Floo
FREDDY'S FROZEN CUSTARD   STEAKBURGERS #3207,221 GRAND HILL PL ,HOLLY SPRINGS,27540,(919) 557-3421,1 - Restaurant,2,True,2024-08-12,ir.; 6-501.12; Core; Walls; floors; and hood have grease build up behind fryers. Phsyical facilities shall be maintained a
BURGER KING #7810,7102 KNIGHTDALE BLVD ,KNIGHTDALE,27545,(252) 565-0516,1 - Restaurant,2,True,2025-01-10,re soiled/stained; and charbroiler vent hood fire suppression lines had black build-up. Sides/edges of toilet stall and bathroom doors were soi
HIBACHI 88,3416 POOLE RD ,RALEIGH,27610,(919) 231-1688,1 - Restaurant,2,True,2025-02-06,4-204.11 Ventilation Hood Systems; Drip Prevention  (C) Clean the vents on the hood to remove the grease build-up. This is a repeat item from t
BURGER KING #5719,3955 NEW BERN AVE ,RALEIGH,27610,(919) 231-6415,1 - Restaurant,2,True,2025-03-03,d and light shields and fryer area vent hood filters were soiled. Bathroom ceiling vents were dusty...Physical facilities 
SALEM MIDDLE SCHOOL CAFETERIA,6150 OLD JENKS RD ,APEX,27523,(919) 363-1870,11 - Public School Lunch,2,True,2025-03-18,ust and debris accumulation. Intake and exhaust air ducts shall be cleaned and filters changed so they are not a source of contamination by dust;
CHINA PEARL CHINESE RESTAURANT,2841 JONES FRANKLIN RD ,RALEIGH,27606,(919) 851-0358,1 - Restaurant,2,True,2025-04-09,containers soiled with residue buildup. Hood system caked with grease along sides and around filters. Nonfood-contact surfaces shall be kept free of a buildup 
FATBOYS KITCHEN,4511 NEW BERN  AVE ,RALEIGH,27610,(919) 900-8986,1 - Restaurant,2,True,2025-04-14,e soiled kitchen floors; walls and vent hood filters. Large amount of water was puddled on walk-in cooler floor
BA-DA WINGS,6300-108 CREEDMOOR RD ,RALEIGH,27612,(919) 322-1418,1 - Restaurant,2,True,2025-09-19,4-601.11(C); Core; Observed brown grease buildup on the hood vents and grease and dust buildup on the shelving throughou
THE DANKERY,2526 HILLSBOROUGH ST ,RALEIGH,27607-7266,(919) 698-1277,1 - Restaurant,2,True,2025-11-12,ntainer as outside is extremely soiled. Clean the hood vents above fryers and flat top. Clean the outside of all c
MR. KABAB,5950 POYNER VILLAGE PKWY,RALEIGH,27616,(919) 601-1183,1 - Restaurant,2,True,2026-02-09,es.  6-501.12; Core - (REPEAT) Observed soiled ventilation hood filters and some soiled flooring/corners...Physical facilit
KING CHEF,4644 CAPITAL BLVD ,RALEIGH,27604,(919) 876-5859,1 - Restaurant,2,True,2026-02-26,; and some walls were soiled. Some vent hood filters/surfaces had grease build-up; and several ceiling panels and were soiled/stained. Cei
HARRIS TEETER #236 - DELI,7145 O'KELLY CHAPEL RD ,CARY,27519,(919) 465-9432,2 - Food Stands,2,True,2026-03-02, Surfaces; and Utensils  (C) Right-side exhaust vent panels had accumulations of grease debris.  Non-food contact surfaces of equipment shall be cl
THE WILLOWS AT RALEIGH FOODSERVICE,2722 SPRING FOREST RD,RALEIGH,27616,(919) 863-7770,1 - Restaurant,2,True,2026-04-13,lk.  6-501.12; Core - (REPEAT) Observed soiled vent hood above dish machine areas and soiled walls/flooring under eq
WILDWOOD FOREST ELEM. SCH. CAFETERIA,8401 WILDWOOD FOREST DR ,RALEIGH,27616-5700,(919) 713-0600,11 - Public School Lunch,2,True,2026-04-27,er.  6-501.12; Core - (REPEAT) Observed dusty ventilation hood vent holes; and ceiling vent grate in bathroom. Flooring un
BRUEGGERS BAGELS #3698,2302  HILLSBOROUGH ST ,RALEIGH,27607,(919) 828-7105,1 - Restaurant,2,True,2026-05-08,ooking room.4-301.14; Core; Ventilation hood systems and devices shall prevent grease or condensation from collecting on EQUIPMENT; walls; and ce
CHARLEY'S PHILLY STEAKS # 789,5959 TRIANGLE TOWN  BLVD ,RALEIGH,27616,(919) 792-2206,2 - Food Stands,2,True,2026-05-20,ont and back kitchen areas. Ventilation hood filters above grill line was soiled. Trash; debris and dried food spills were on flooring of 
THE PICKLED ONION #3,8440 LOUISBURG  RD ,RALEIGH,27616,(919) 418-3411,1 - Restaurant,2,True,2026-05-27,  6-501.12; Core - (REPEAT) Ventilation hood filters above cooking line had grease/soil build-up. Physical facilities shall be kept clean. Increase clean
PANERA BREAD #1648,6123 CAPITAL BLVD ,RALEIGH,27616,(919) 865-1965,1 - Restaurant,2,True,2026-06-08,  6-501.12; Core - (REPEAT) Ventilation hoods above ovens and dish machine were soiled. Walls and pipes in dish washing area and front prep area
CRAB DU JOUR CAJUN SEAFOOD RESTAURANT   BAR,6320 PLANTATION CENTER DR,RALEIGH,27616,(919) 803-2016,1 - Restaurant,2,True,2026-07-24, corners; and floor drains. Ventilation hood filters had grease build-up. Physical facilities shall be maintained clean. Increase
QUE PASHOO/ MARISCOS - BAR - GRILL,1428  GARNER STATION BLVD ,RALEIGH,27603,(919) 615-4347,1 - Restaurant,2,True,2026-08-19,.    6-501.12; Core - (REPEAT) Observed soiled vent hood and filters; soiled/stained ceiling light shields and dusty
CHINA WOK,7440-143 LOUISBURG RD ,RALEIGH,27616,(919) 862-9898,1 - Restaurant,2,True,2026-08-27,floor drains; pipes; walls; ventilation hood filters; and ceiling light shields. Physical facilities shall be k
CHILI'S #1393,11380 CAPITAL  BLVD ,WAKE FOREST,27587,(919) 554-0488,1 - Restaurant,2,False,2024-12-16,4-501.11; Core; Above active cook top; hood filter panels are missing. Walk-in cooler door not self-closing/se
LOWES FOODS #185 DELI,1845 AVERSBORO RD ,GARNER,27529,(919) 779-9907,1 - Restaurant,2,False,2025-02-10,p table.  Also noted an accumulation of grease build-up along the hood baffles above the deep fryer units. Food contact surfaces o
ZAXBY'S #66201,1341 N MAIN ST ,FUQUAY-VARINA,27526,(919) 552-3981,1 - Restaurant,2,False,2025-02-25,Ceiling vents need cleaning. Intake and exhaust air ducts shall be cleaned and filters changed so they are not a source of contamination by dust;
NOODLES   COMPANY,200 CROSSROADS  BLVD ,CARY,27518,(919) 851-5080,1 - Restaurant,2,False,2025-05-08,ly soiled with grease and dust buildup. Hood system has grease accumulation. Some walk-in cooler shelving and inside reach
LOWES FOODS #207 DELI,112 BASS LAKE RD,HOLLY SPRINGS,27540,(919) 577-6971,2 - Food Stands,2,False,2025-05-27,on and around ceiling vents. Intake and exhaust air ducts shall be cleaned and filters changed so they are not a source of contamination by dust;
LA TERRAZA,2217 AVENT FERRY RD ,RALEIGH,27606,(919) 832-0293,1 - Restaurant,2,False,2025-08-12,f soil residues. Fryers; stove tops and hood vent systems on grill line need thorough cleaning; especially the fryers. 
DAN SUSHI HIBACHI,1313 N MAIN ST ,FUQUAY-VARINA,27526,(919) 577-8000,1 - Restaurant,2,False,2025-09-03,6-501.12; Core; Cleaning needed walls next to hood in back. Facilities shall be cleaned as often as necessary 
THE RESERVE AT MILLS FARM,1000 MILLS CHASE LOOP,APEX,27523,(919) 809-5310,1 - Restaurant,2,False,2025-09-05,ire suppression system pipe lines under hood system are soiled with grease and build up. Keep non food contact surfaces of  equipment clean to a
SHEEBA RESTAURANT,3933 WESTERN BLVD ,RALEIGH,27606,(919) 703-0004,1 - Restaurant,2,False,2025-10-08, of soil residues. Thick layer of black grease build-up observed on hood ventilation system. Significant food debris/residue noted o
RED LOBSTER,4408 OLD WAKE FOREST RD ,RALEIGH,27609-6233,(919) 872-5608,1 - Restaurant,2,False,2025-10-20,main prep line and the top of the grill hood/lights have buildup and need to be cleaned. Physical facilities shall be maintained in a state of go
TASTE VIETNAMESE CUISINE,152 MORRISVILLE SQUARE WAY ,MORRISVILLE,27560,(919) 234-6385,1 - Restaurant,2,False,2025-10-27,led with accumulation; dust and debris. Grease build up is present on hood filters and panels. All exterior surfaces of frying/cooking
BUENA PAPA FRY BAR @ MSFH,411 W MORGAN STREET,RALEIGH,27603,(919) 637-8557,2 - Food Stands,2,False,2025-10-31,ing on the prep table and not under the hood system is getting the ceiling HVAC vent cover and duct work very dusty and greasy. Move the cooking oven to under the hood system
MIKE'S PIZZA   ITALIAN RESTAURANT,3919 NEW BERN AVE ,RALEIGH,27610,(919) 250-0700,1 - Restaurant,2,False,2025-11-21,4-601.11 (B) and (C); Core; Detailed cleaning is still needed on some equipment throughout such as hoods; shelving; and cooking equipment.- Equipment nonfood conta
SAKURA 8,2634 TIMBER DR ,GARNER,27529,(984) 233-5100,1 - Restaurant,2,False,2025-11-25,aning is needed throughout the kitchen. Clean the hood baffles above the cookline to remove he grease build-up. Cl
HIBACHI   COMPANY,2316 HILLSBOROUGH ST,RALEIGH,27607,(919) 301-8888,1 - Restaurant,2,False,2025-12-01,ezer. Clean inside hot holding cabinet. Clean the outside of the hood where grease is accumulated. Keep non food contact surfaces
COCO BONGO,2400 HILLSBOROUGH ST ,RALEIGH,27607,(984) 242-0898,1 - Restaurant,2,False,2025-12-03,eaning needed of shelves; reach ins and hood filters. Non food contact surfaces of equipment shall be cleaned f
HARDEE'S #1206,5601 CREEDMOOR RD ,RALEIGH,27612,(919) 781-4332,1 - Restaurant,2,False,2025-12-08,Observation: The grease catch pan on the hood system is missing allowing drip onto the hot holder; The re
EL DORADO #8,8111 CREEDMOOR RD ,RALEIGH,27613-4389,(919) 848-0788,1 - Restaurant,2,False,2025-12-12,4-602.13; Core; Observed food debris buildup in the lower section of a prep cooler and grease buildup on the hood vent inserts over the flattop griddle.  Nonfood-contact sur
NEW CHINA,949 N HARRISON AVE ,CARY,27513,(919) 380-9328,1 - Restaurant,2,False,2026-01-06,the grill line was heavily soiled.  The hoods above the grill line were heavily soiled.  Floors; walls; ceilings including the attachments such 
PUBLIX 1551 DELI,9640 LEESVILLE RD ,RALEIGH,27613,(919) 848-3480,1 - Restaurant,2,False,2026-01-08,4-601.11 (B) and (C); Core; Grease deposits present on hood vents above the oven/fryers and grease buildup present on e
SASSOOL,1347 KILDAIRE FARM RD ,CARY,27511,(919) 300-5586,1 - Restaurant,2,False,2026-01-21,needs dust build-up cleaned. Intake and exhaust air ducts shall be cleaned and filters changed so they are not a source of contamination by dust;
THE FRESH MARKET DELI,6325 FALLS OF NEUSE  RD ,RALEIGH,27615,(919) 872-8501,2 - Food Stands,2,False,2026-01-28,4-601.11(C ); Core; The hood vents have a buildup of dust (scheduled for cleaning in February); the fanguard in the CMS prep room has a bu
FOOD LION #2638 DELI/BAKERY,6209 ROCK QUARRY RD ,RALEIGH,27610,(919) 772-5894,2 - Food Stands,2,False,2026-03-06,ld up in the men's restroom. Intake and exhaust air ducts shall be cleaned and filters changed so they are not a source of contamination by dust;
BROOKLYN PICKLE,4025 LAKE BOONE TRL,RALEIGH,27607,(919) 925-3400,1 - Restaurant,2,False,2026-03-18,Observation: Vent ducts (exhaust/intake) heavily covered with dust and debris; Floor areas under equipment and floor drains ar
RALEIGH CRABTREE MARRIOTT FOODSERVICE,4500 MARRIOTT DR ,RALEIGH,27612-3365,(919) 781-7000,1 - Restaurant,2,False,2026-03-26,Ventilation Hood Systems; Adequacy  (C) Hood systems and devices shall be in sufficient number and capacity to prevent grease or condensation from collecting on equipment; walls; and ce
EVEREST NEPALI KITCHEN,212 GRANDE HEIGHTS DR ,CARY,27513,(919) 378-9390,1 - Restaurant,2,False,2026-03-30,ove and fryer were heavily soiled.  The hood filters over the grill line is heavily soiled with grease and dust.  The liners on the shelves are heavily soiled.  Roach dust
BBASAK HAN,2237 AVENT FERRY RD ,RALEIGH,27606,(919) 703-0088,1 - Restaurant,2,False,2026-04-10, cleaning needed inside reach-in units. Build-up observed on hood vent system. No points taken due to improvement.
PHOENIX ASSISTED CARE LLC KITCHEN,201 WESTHIGH ST ,CARY,27513,(919) 460-8644,16 - Institutional Food Service,2,False,2026-04-13,der the grill and fryer is soiled.  The hood and pipes above the grill line has a build up of grease and dust.  The shelf and AC unit above the clean side of the dish ma
LOWES FOODS #184 (DELI),5400 APEX PEAKWAY ,APEX,27502,(919) 363-5376,1 - Restaurant,2,False,2026-04-16,od display cases and door tracks. Heavy grease build up on hood filter panels. The nonfood-contact surfaces of equipment sh
WAKE FOREST MIDDLE CAFETERIA,1800 S MAIN ST ,WAKE FOREST,27587-9288,(919) 554-8440,11 - Public School Lunch,2,False,2026-05-04,Observation: Hood has dust building up on it. Debris is building up below racks in storage r
THE EMPANADA FACTORY,2010 S. MAIN ST ,WAKE FOREST,27587,,1 - Restaurant,2,False,2026-05-07,Observation:  The hood has dust and grease build up. The grrease trap has a strong smell and needs to be cle
HONG KONG CHINESE KITCHEN,5563 WESTERN  BLVD ,RALEIGH,27606,(919) 851-1505,1 - Restaurant,2,False,2026-05-08,preclude accumulation of soil residues. Grease build-up on hood ventilation system above grill line. Cleaning needed inside
BELLA ITALIA PIZZERIA,109 CAPCOM AVENUE,WAKE FOREST,27587,(919) 554-9404,1 - Restaurant,2,False,2026-05-12, table in BOH has food residue present. Cleaning is needed on hood filters to remove the accumulated residue. Physical facilit
ASIA EXPRESS,1040-128 FORESTVILLE RD ,WAKE FOREST,27587,(919) 562-8988,1 - Restaurant,2,False,2026-05-21,leaning to remove the microbial growth. Hood filters need cleaning to remove the grease buildup. Non food-contact surfaces of equipment shall be cleaned 
CLEVELAND DRAFT HOUSE,1420 E BROAD ST,FUQUAY-VARINA,27526,(919) 659-5500,1 - Restaurant,2,False,2026-05-27,ease and food residue buildup. Soot and grease accumulation observed on hood ventilation system. Exterior surface of large ice machine w
SEOUL GARDEN,4701-131 ATLANTIC AVE,RALEIGH,27604,(919) 850-9984,1 - Restaurant,2,False,2026-06-25,idues. - Observed heavy accumulation on hood stacks - Observed black stain on the 3-comp sink caulk Discussed the cleaning schedule in these areas with the PIC.
D.P. DOUGH,2109 AVENT FERRY RD ,RALEIGH,27606,(919) 829-1525,1 - Restaurant,2,False,2026-07-08,ebris collecting inside reach-in units. Dust observed on hood vent system above pizza oven. Gaskets in all reach-in units
BELLINI ITALIAN CUISINE,7256 GB ALFORD HWY,HOLLY SPRINGS,27540,(919) 552-0303,1 - Restaurant,2,False,2026-07-22,und ceiling vent in kitchen. Intake and exhaust air ducts shall be cleaned and filters changed so they are not a source of contamination by dust;
COOK OUT #25,3930 WESTERN BLV ,RALEIGH,27606,(919) 821-2926,1 - Restaurant,2,False,2026-07-27,ior and interior surfaces of equipment. Hood ventilation system with minor grease build-up visible.
KENTUCKY FRIED CHICKEN,12313 CAPITAL  BLVD ,WAKE FOREST,27587,(913) 469-1112,1 - Restaurant,2,False,2026-08-10,Observation:  The hood has encrusted grease deposits stuck on removable racks. The ceiling vents dust b
CHARLIE'S KABOBS #2,929 HERITAGE LAKE  RD ,WAKE FOREST,27587,(919) 453-6284,1 - Restaurant,2,False,2026-08-12,4-602.13; Core; Hood filters are in need of cleaning to remove the thick grease accumulation. PIC stated that the hood filters are professi
LA FARM BAKERY,404 E SIX FORKS RD,RALEIGH,27609,,1 - Restaurant,2,False,2026-08-24,s stored exposed under the gas pipe and dusty hood stack; the gas pipe has drip stains. CDI - The take-out box
EL RODEO RESTAURANT,2404 WAKE FOREST RD,RALEIGH,27608-1710,(919) 833-1460,1 - Restaurant,1,True,2024-08-01,6-501.12; Core; Vent hood above cooking line was soiled with grease build-up. Some ceiling vents were dusty/soiled...Physical facilit
CHINA QUEEN,2233-103 AVENT FERRY RD ,RALEIGH,27606,(919) 832-8882,1 - Restaurant,1,True,2024-09-19,er towel dispenser at handwashing sink. Grease accumulation on hood vent system. Nonfood-contact surfaces of equipment shall be
PAPA'S SUBS   PIZZA,511 N MAIN ST ,HOLLY SPRINGS,27540,,1 - Restaurant,1,True,2024-11-18,eaning; Frequency and Restrictions  (C) Grease build up on hood filters and behind cooking equipment. Physical facilities s
TARGET CAFE,100 GRAND HILL  PL ,HOLLY SPRINGS,27540,(919) 557-2686,2 - Food Stands,1,True,2024-12-03,4-602.13 Nonfood Contact Surfaces  (C) Hood vents observed with heavy dust accumulation. Shelving in walk in cooler observed with dust
SUVIDHA,3735  DAVIS DR ,MORRISVILLE,27560,(919) 650-1436,2 - Food Stands,1,True,2024-12-11,freezers; sides of make-line units; and exhaust hood had accumulations of food debris and grease. Nonfood-contact surfaces of equipment shall be kept free o
LOS TRES MAGUEYES,995 AIRPORT BLVD ,MORRISVILLE,27560,(919) 465-0217,1 - Restaurant,1,True,2025-01-09,ct Surfaces; and Utensils  (C) Observed grease buildup and condensation on the hood vent inserts above the griddle . Nonfood-contact surfaces o
WILBURN ELEMENTARY CAFETERIA,3707 MARSH CREEK RD ,RALEIGH,27604,(919) 850-8738,11 - Public School Lunch,1,True,2025-01-30,t facility were dusty/soiled; some vent hood filters and fan guards in walk-in cooler were dusty; and wall surfaces in mop sink/can was room were soiled...
STOP   QUICK,1321 S BLOUNT ST,RALEIGH,27601,(919) 833-8200,2 - Food Stands,1,True,2025-02-10,t with dust/residue accumulation. Fryer hood filters with residue accumulation. NonFOOD-CONTACT SURFACES of EQUIPMENT shall b
COOK OUT #297,1151 N SMITHFIELD RD ,KNIGHTDALE,27545,(919) 618-8532,1 - Restaurant,1,True,2025-02-10,12; Core - (REPEAT) Several ventilation hood filters were very dark and soiled. Walk-in freezer floor had ice build-up in various places
WANG'S KITCHEN,3631 NEW BERN AVE ,RALEIGH,27610,(919) 212-8805,1 - Restaurant,1,True,2025-02-11, walls; pipes around cooking line; vent hood filters; and stained/discolored ceiling tiles...Physical facilitie
SMOKESTACKS CAFE,701 E LANE ST ,RALEIGH,27601,(919) 736-6408,1 - Restaurant,1,True,2025-02-26,lishment. Especially cooking equipment; hood filters; shelving units; racks;inside coolers including walk in. N
APPLEBEE'S # 1086,6609 KNIGHTDALE BLVD ,KNIGHTDALE,27545,(919) 266-5939,1 - Restaurant,1,True,2025-02-26,ak.  6-501.11; Core - (REPEAT) Observed soiled vent hood filters above cooking; some ceiling vents and tiles; wall; 
SONIC DRIVE-IN #4349,4648 ATLANTIC AVE ,RALEIGH,27604,(919) 876-5185,1 - Restaurant,1,True,2025-02-26,eat] Walls; baseboards; and ventilation hoods and filters in kitchen were soiled or with dust/grease build-up...Increase cleaning frequency of surfaces/fixtures above
TAIPEI CAFE,9825-G CHAPEL HILL RD ,MORRISVILLE,27560,(919) 380-8568,1 - Restaurant,1,True,2025-03-05,-601.11(B) and (C) Stainless steel fume hood surfaces soiled with grease build up. Nonfood-contact surfaces of equipment shall be kept fre
CHICK-FIL-A #1760,6711 KNIGHTDALE  BLVD ,KNIGHTDALE,27545,(919) 754-4977,1 - Restaurant,1,True,2025-03-21,and baseboards); sink drain pipes; vent hood filters above chicken fryers...Physical facilities shall be kept c
MOE'S SOUTHWEST GRILL - WEST CARY,5020 ARCO ST ,CARY,27519,(919) 230-1720,1 - Restaurant,1,True,2025-03-25,ood Contact Surfaces; and Utensils  (C) Exhaust vent had accumulations of grease and cabin etry below tea kegs had accumulations of black re
SALTGRASS STEAKHOUSE,6601 KNIGHTDALE BLVD ,KNIGHTDALE,27545,(919) 217-7070,1 - Restaurant,1,True,2025-03-31,ensation leaks.   6-501.12; Core - Vent hood above dish machine and ceiling vent grates were soiled/dusty...Physical facilities shall be kept clean...Increase clean
KUMBALA BAR   GRILL,3945 NEW BERN  AVE ,RALEIGH,27610,(919) 231-0335,1 - Restaurant,1,True,2025-04-10,ed light shield.  6-501.12; Core - Vent hood filters and vent hood were dusty and had some grease build-up...Physical facilities shall be kept clean...Increase cle
MEEZ MARKET   CATERING,8320-108 LITCHFORD RD ,RALEIGH,27615,(252) 327-2445,2 - Food Stands,1,True,2025-06-05,ing; walls; pipes under sinks; and vent hood filters...Physical facilities shall be kept clean...Increase clean
TERIYAKI PLACE,5959 TRIANGLE TOWN BLVD ,RALEIGH,27616,(919) 792-0111,2 - Food Stands,1,True,2025-06-26,ed.  6-501.12; Core - (REPEAT) Observed dusty/soiled ceiling and vent surfaces in kitchen area and soiled vent hood filters. Flooring under equipment and cabinets in front are
WINGSTOP,2920 FORESTVILLE RD,RALEIGH,27616,(984) 234-5742,1 - Restaurant,1,True,2025-06-27,ners; in office/storage room. Some vent hood filters and fire suppression components had grease accumulation...Physical facilities shall be kept clean...In
FOOD LION #1481 DELI ,7713 LEAD MINE RD ,RALEIGH,27615-4805,(919) 518-1607,2 - Food Stands,1,True,2025-07-07,4-602.13; Core; Observed some debris buildup on the grab-and-go cooler shelf and some minor residue buildup on the hood vents.   Nonfood-contact surfaces of equipment shall be cle
OUTBACK STEAKHOUSE #3459,5200 CAPITAL BLVD ,RALEIGH,27616,(919) 790-0990,1 - Restaurant,1,True,2025-07-08, dish washing areas; floor drains; vent hood above dish machine and some cooking line vent hood filters...Physical facilities shall be kept clean...Increase clean
RED BOWL ASIAN BISTRO,6360 PLANTATION CENTER  DR ,RALEIGH,27616,(919) 790-9222,1 - Restaurant,1,True,2025-07-30, dusty evaporator fan covers. Many vent hood filters were soiled with grease build-up...Physical facilities shall be maintained clean...Increa
CHICK-FIL-A AT SIX FORKS & STRICKLAND,8661 SIX FORKS RD,RALEIGH,27615,(919) 848-6715,1 - Restaurant,1,True,2025-08-14,me of the raw chicken refrigerators and dust buildup on the vents on hood #3.  Nonfood contact surfaces of equipment shall be kept fr
MCDONALDS #34433,4980 CARY GLEN BLVD ,CARY,27519,(919) 462-9904,1 - Restaurant,1,True,2025-10-06,ood Contact Surfaces; and Utensils  (C) Exhaust vent panels along burger cook line were soiled with grease accumulations. Coffee milk cooler had accumulations of food
HARDEE'S #1205,2304 GORMAN ST,RALEIGH,27606,(919) 233-8287,1 - Restaurant,1,True,2025-10-28, of equipment; particularly the fryers. Grease buildup-up on hood vent system. NonFOOD-CONTACT SURFACES of EQUIPMENT shall be
PAPA JOHNS,877 E GANNON AVE ,ZEBULON,27597,(919) 421-5555,1 - Restaurant,1,True,2025-12-08,tsides of equipment; shelving units and hood filters. Repeat. 
BIG ED'S CITY MARKET RESTAURANT,220 WOLFE ST ,RALEIGH,27601,(919) 836-9909,1 - Restaurant,1,True,2026-01-16, cooler with some residue accumulation. Hood vents over cook line with dust/residue accumulation. NonFOOD-CONTACT SURFACES of EQUIPMENT shall b
MCALISTERS DELI #100956,5505-104 CAPITAL BLVD ,RALEIGH,27616,(919) 900-7846,1 - Restaurant,1,True,2026-01-16,were yellowed/brown and/or soiled. Vent hood above large ovens was dusty...Physical facilities shall be kept clean...Increase clean
BJ'S MEMBERSHIP CLUB #177 DELI/MEAT MARKET,6301 TRIANGLE PLANTATION DR ,RALEIGH,27616,(919) 278-1000,2 - Food Stands,1,True,2026-01-20,d baseboards were soiled. In deli; vent hood above oven was soiled; and floor drain and pipes were soiled in 3-comp sink roo
HARRIS TEETER #430 - DELI,885 WALNUT ST.,CARY,27511,(919) 481-4251,2 - Food Stands,1,True,2026-01-30,ment had grease/soil build-up; and vent hood above had condensation/grease build-up. Ceiling vents in bathrooms were dusty...Physical facili
LEMONGRASS THAI RESTAURANT,8320-142 LITCHFORD RD ,RALEIGH,27615,(919) 954-0377,1 - Restaurant,1,True,2026-02-27, flooring under cooking line. Some vent hood filters were soiled...Physical facilities shall be kept clean...Increase clea
FIRST WATCH #6047,"6320 CAPITAL  BLVD, STE 130",RALEIGH,27161,(919) 900-8355,1 - Restaurant,1,True,2026-03-31,eens had grease/soil build-up; and vent hood stack above dish machine was soiled....Physical facilities shall be kept clean...Increase cle
WANG'S KITCHEN,6300-114 CREEDMOOR RD ,RALEIGH,27612,(919) 846-8820,1 - Restaurant,1,True,2026-04-23, on the wall around the pipes and oven; grease buildup throughout the hood; and 3-compartment sink.  The flooring in the bathroom is a
APPLEBEE'S #1125 ,1480 N MAIN ST ,FUQUAY-VARINA,27526,(919) 552-1521,1 - Restaurant,1,True,2026-05-27,with food splatter and residue buildup. Build-up observed on hood ventilation system. Handwashing sink basins soiled. Non-foo
STEVE'S PLACE,6320 CAPITAL  BLVD ,RALEIGH,27616,(919) 872-2222,2 - Food Stands,1,True,2026-05-28,m).  6-501.12; Core - (REPEAT) Observed soiled vent hood filters; flooring; floor drains; drain pipes; walls and cei
CAROLINA SUSHI   ROLL,5951-107 POYNER VILLAGE PKY ,RALEIGH,27616,(919) 981-5835,1 - Restaurant,1,True,2026-07-07,under equipment) were soiled. Some vent hood filters had grease build-up. Physical facilities shall be kept clean. Increase clean
AVENT FERRY PIZZA,3231 AVENT FERRY RD,RALEIGH,27606-3171,(919) 703-0027,1 - Restaurant,1,True,2026-07-15,ce accumulation inside walk-in freezer. Cleaning needed on hood ventilation system. NonFOOD-CONTACT SURFACES of EQUIPMENT s
A TODA MADRE,3421 SUMNER BLVD,RALEIGH,27616,(919) 900-7163,1 - Restaurant,1,True,2026-07-15,by dish machine.  6-501.12; Core - Vent hood filters above cooking line were soiled and kitchen ceiling tiles were dusty/soiled in some areas. Physical facilities shall be kept clean. I
APEX WINGS,518 E WILLIAMS ST ,APEX,27502-2151,(919) 387-0082,1 - Restaurant,1,True,2026-07-22,lowing surfaces are soiled and shall be cleaned: food debris on floors throughout kitchen/food prep area and the hood system has excessive grease and grime build up. PHYSICAL FA
SITTI BY NEOMONDE,137 S WILMINGTON  ST ,RALEIGH,27601,(919) 239-4070,1 - Restaurant,1,True,2026-07-30,6-501.11; Core; Two filter panels of the cook area hood system are not seated properly; with gapped open areas.  PH
BREWERY BHAVANA,218 S BLOUNT ST ,RALEIGH,27601,(919) 829-9998,1 - Restaurant,1,True,2026-08-05,dish room side. Piping by the main cook hood also with dust/residue accumulation. In side hall walk-in cooler; some residue acc
LEO'S ITALIAN SOCIAL,1301 MARKET CENTER DR ,MORRISVILLE,27560,(919) 234-0860,1 - Restaurant,1,False,2024-08-01,coated in dust accumulation. Intake and exhaust air ducts shall be cleaned and filters changed so they are not a source of contamination by dust;
POPEYES #12346,7120 KNIGHTDALE BLVD ,KNIGHTDALE,27545,(919) 295-5757,1 - Restaurant,1,False,2024-08-01,strips at walk-in cooler door; and vent hood interiors and filters. Large amount of ice was on walk-in freezer floor...Physic
FOOD LION #723 DELI ,7053 KNIGHTDALE BLVD ,KNIGHTDALE,27545-8800,(919) 266-5164,2 - Food Stands,1,False,2024-08-13,m breaker cover.; 6-501.12; Core - Vent hood above bakery oven and vent filters above cook line were soiled. Walk-in freezer flooring was soiled...Physical facilitie
SAMOONI ITALIAN RESTAURANT,7144 KNIGHTDALE BLVD ,KNIGHTDALE,27545,(919) 373-0072,1 - Restaurant,1,False,2024-08-14,6-501.12; Core - Observed soiled hood filters above cooking line; flooring in dish machine area; 
WAFFLE HOUSE,1412 N MAIN ST ,FUQUAY-VARINA,27526,(919) 552-2187,1 - Restaurant,1,False,2024-08-19, Clean vent over grill area. Intake and exhaust air ducts shall be cleaned and filters changed so they are not a source of contamination by dust;
DOMINO'S,9825-E CHAPEL HILL ROAD ,MORRISVILLE,27560,(919) 319-7000,2 - Food Stands,1,False,2024-08-19,6-501.12; Core; Observed soiled/ greasy  hood above pizza oven.    Physical facilities shall be cleaned a
DOMINOS #4453,4412 FALLS OF NEUSE RD ,RALEIGH,27609,(919) 636-8949,1 - Restaurant,1,False,2024-08-20,4-601.11(B) and (C); Core; Grease accumulation in hood and on outside of oven. NonFOOD-CONTACT SURFACES of EQUIPME
HODGE ROAD ELEMENTARY CAFETERIA,2128 MINGO BLUFF BLVD,KNIGHTDALE,27545,(919) 266-8599,11 - Public School Lunch,1,False,2024-08-23,cent tiles; ceiling light shields; Vent hood filters; bathroom ceiling vent; mop sink/can wash walls and basin.
SPRING ARBOR OF APEX FOOD SERVICE,901 SPRING ARBOR CT ,APEX,27502,(919) 303-9990,16 - Institutional Food Service,1,False,2024-08-26,chen have dust accumulation. Intake and exhaust air ducts shall be cleaned and filters changed so they are not a source of contamination by dust;
CURRY HOUSE,2101 S MAIN ST,WAKE FOREST,27587,(919) 985-7244,1 - Restaurant,1,False,2024-08-26,1.11(B) and (C); Core; The vents in the hood have a buildup of oil and debris and the burners on the range have a buildup of burnt on food debris.  Non-food contact surfaces of eq
PENNY ROAD ELEMENTARY CAFETERIA,10900 PENNY RD ,CARY,27518,(919) 387-2143,11 - Public School Lunch,1,False,2024-08-28,coated in dust accumulation. Intake and exhaust air ducts shall be cleaned and filters changed so they are not a source of contamination by dust;
FUQUAY VARINA HIGH SCHOOL CAFETERIA,201 BENGAL  BLVD ,FUQUAY-VARINA,27526,(919) 557-2511,11 - Public School Lunch,1,False,2024-09-03,14; Core; Grease filters need cleaning. Exhaust air ducts shall be cleaned and filters changed so they are not a source of contamination by dust;
FOOD LION #2504 DELI ,1030-125 N ROGERS LN ,RALEIGH,27610,(919) 792-0321,2 - Food Stands,1,False,2024-09-03,tures above.; 6-501.12; Core - Observed soiled ventilation hood interiors above cooking line; walk-in freezer floor; front 
NORTH WAKE COUNTY BASEBALL CONCESSION STAND,1845 GRANDMARK ST ,WAKE FOREST,27587,(919) 744-9949,2 - Food Stands,1,False,2024-09-05,4-601.11(B) and (C); Core; The hood and ceiling vents as well as under the flattop have a  buildup of oil/food residue; the inside of the microwave above the flip top cooler as w
WAFFLE HOUSE #1161,3703 NEW BERN AVE ,RALEIGH,27610,(919) 231-1292,1 - Restaurant,1,False,2024-09-06,4-903.11(A); (B) and (D); Core - Some clean dishes stored on shelf on vent hood top were splattered with food debris...Clean equipment and 
LIGON MIDDLE SCHOOL CAFETERIA,706 E LENOIR ST ,RALEIGH,27601,(919) 856-7929,11 - Public School Lunch,1,False,2024-09-09,4-601.11(B) and (C); Core; Clean the filters above the hood to remove the hood.  Equipment shall be kept free of an accumulation of dust a
LITTLE CAESARS #75,6727-B  KNIGHTDALE BLVD ,KNIGHTDALE,27545,(919) 665-6781,2 - Food Stands,1,False,2024-09-09,ates and light shields; pizza oven vent hood filters...Physical facilities shall be kept clean...Increase clean
KANKI JAPANESE HOUSE OF STEAKS,4500 OLD WAKE FOREST RD ,RALEIGH,27609-6235,(919) 876-4157,1 - Restaurant,1,False,2024-09-11,as light debris buildup. The dishwasher hood under the lip of the doors has light residue buildup...Nonfood-contact surfaces of equipment shall be kept fre
FUJI CHINA,4001 WIDEWATER PKY ,KNIGHTDALE,27545,(919) 217-8568,1 - Restaurant,1,False,2024-09-12,ceiling panels throughout kitchen. Some grease was accumulated on edges of vent hood above cooking line...Physical facilities shall be kept clea
LUFKIN MIDDLE SCHOOL CAFETERIA,1002 LUFKIN RD ,APEX,27539-8160,(919) 363-1090,11 - Public School Lunch,1,False,2024-09-16,the tile divider wall under the cooking hood has dust accumulation as well. The nonfood-contact surfaces of equip
PANDA GARDEN,5249 SUNSET LAKE RD ,HOLLY SPRINGS,27540,(919) 360-5000,1 - Restaurant,1,False,2024-09-16,alk in cooler has food debris build up. Hood filters have grease build up. Nonfood contact surfaces shall be cleaned at a frequenc
BLOOMSBURY BISTRO,509 W WHITAKER MILL RD ,RALEIGH,27608-2400,(919) 834-2011,1 - Restaurant,1,False,2024-09-24,4-602.13; Core; Cleaning needed of speed rack and hood filters. NonFOOD-CONTACT SURFACES of EQUIPMENT shall be cle
LONGHORN STEAKHOUSE #251,8121 BRIER CREEK PKY ,RALEIGH,27617,(919) 484-7669,1 - Restaurant,1,False,2024-10-04,due on a couple walk-in cooler shelves; grease buildup on the hood vents.  Nonfood-contact surfaces of equipment shall be kept
BRIER CREEK ELEM. SCH. LUNCHROOM,9801 BRIER CREEK PKY,RALEIGH,27617,(919) 484-4747,11 - Public School Lunch,1,False,2024-10-07,nvironmental contamination.  Intake and exhaust air ducts shall be cleaned and filters changed so they are not a source of contamination by dust;
BEANSPROUT RESTAURANT,3721 HILLSBOROUGH ST ,RALEIGH,27607,(919) 755-0554,1 - Restaurant,1,False,2024-10-07,Observation: The wall in the hood system has a heavy accumulaiton of grease buildup. Ensire that piping and floors under sinks are cleaned of
JOHNNY'S PIZZA,722 N JUDD PKWY NE,FUQUAY-VARINA,27526-7394,(919) 552-6322,1 - Restaurant,1,False,2024-10-09,om falling on kitchen items. Intake and exhaust air ducts shall be cleaned and filters changed so they are not a source of contamination by dust;
RUDINO'S PARKSIDE,4022 VILLAGE PARK DR ,KNIGHTDALE,27545,(919) 261-0143,1 - Restaurant,1,False,2024-10-16,jacent pipes/tubes were dusty; and vent hood filters were dusty/soiled. Bathroom door sides/edges were soiled...Physical facilit
WENDY'S #11554,3701 NEW BERN AVE ,RALEIGH,27610,(919) 250-6034,1 - Restaurant,1,False,2024-10-18,aker top.  6-501.12; Core - Ventilation hoods and filters above cooking/frying equipment were soiled and/or had grease accumulation. Floor corners and some wall corners were soil
RED ROBIN #306,7860 ALEXANDER PROMENADE PL ,RALEIGH,27617,(919) 957-2880,1 - Restaurant,1,False,2024-10-25,a and soft drink line area.  Intake and exhaust air ducts shall be cleaned and filters changed so they are not a source of contamination by dust;
THE HICKORY TAVERN #26,1156 PARKSIDE MAIN ST ,CARY,27519,(919) 466-7802,1 - Restaurant,1,False,2024-11-04, walk-in cooler had dust accumulations. Exhaust vent had accumulations of grease and food debris. Clean areas listed.
BRU'S PUBLIC HOUSE,5433 WADE PARK BLVD ,RALEIGH,27607,(919) 977-8755,1 - Restaurant,1,False,2024-11-04, debris inside reach-in cooler gaskets. Grease build-up on hood ventilation system over grill/fryer station. Nonfood-contac
BUFFALO WILD WINGS # 113,148 SHENSTONE BLVD ,GARNER,27529,(919) 661-5238,1 - Restaurant,1,False,2024-11-05,ion of dust and debris. ; A) Intake and exhaust air ducts shall be cleaned and filters changed so they are not a source of contamination by dust;
MACGREGOR DRAFT HOUSE,107 EDINBURGH SOUTH DR ,CARY,27511,(919) 461-1633,1 - Restaurant,1,False,2024-11-07,has heavy dust accumulation. Intake and exhaust air ducts shall be cleaned and filters changed so they are not a source of contamination by dust;
CAROLINA ALE HOUSE,7981 SKYLAND RIDGE PKY ,RALEIGH,27606,(919) 957-4200,1 - Restaurant,1,False,2024-11-07,6-501.14; Core; Observed dust starting to build up on the ceiling vents and grease build up on the hood vent inserts over the fryers.  Intake and exhaust air ducts
WALMART #4484 DELI,8031 OLD WAKE FOREST RD ,RALEIGH,27616,(919) 424-6235,2 - Food Stands,1,False,2024-11-08, ice build up on walk-in freezer floor. Dusty hood ventilation filters. Physical facilities shall be cleaned a
TENKO JAPAN,4040 ED  DR ,RALEIGH,27612,(919) 781-5181,1 - Restaurant,1,False,2024-11-14,tact Surfaces; and Utensils  (C); Grill hood has grease lines and grease residue accumulating. Non food contact surfaces shall be cleaned at
TAZA GRILL #2,10940 RAVEN RIDGE  RD ,RALEIGH,27614,(919) 845-7772,1 - Restaurant,1,False,2024-11-18,6-501.12; Core; Hood vents in need of cleaning to remove the accumulated residue and soot. PIC stated that the hoods are scheduled to be pro
HARRIS TEETER #496 STARBUCKS,940 US 64 HWY W,APEX,27523,,1 - Restaurant,1,False,2024-11-20, oven has dust accumulation. Change the filters and clean the intake and exhaust air ducts so they are not a source of contamination by dust
GOOD TASTE CHINESE RESTAURANT,532 W GANNON  AVE,ZEBULON,27597,(919) 404-1218,1 - Restaurant,1,False,2024-11-20,4-602.13; Core; The hoods have buildup of oils and dust.- Nonfood contact surfaces of equipment shall be cleaned at
HIBACHI JAPAN,7216 GB ALFORD HWY ,HOLLY SPRINGS,27540,(919) 557-7216,1 - Restaurant,1,False,2024-11-21, cooking equipment has debris build up. Hood above flat top has debris build up. Nonfood contact surfaces shall be cleaned at a frequenc
JERSEY MIKE'S #3024,701 CARY TOWNE BLVD ,CARY,27511,(919) 461-8100,1 - Restaurant,1,False,2024-11-26,4-601.11(C ); The filter hoods and light fixtures above the grill line have an accumulati
BOJANGLES,4621 NEW BERN AVE ,RALEIGH,27610,(919) 231-9028,1 - Restaurant,1,False,2024-12-04,eams of kitchen ventilation hoods. Some filters in main vent hood were damaged and gaps were between some filters...Physical 
PHO SURE,7451 SIX FORKS RD ,RALEIGH,27615,(919) 637-8243,1 - Restaurant,1,False,2024-12-09,4-602.13; Core; Removable hood vents have unclean buildup/dust accumulation and should be taken down and cleaned more frequently. Nonfood-contact surfaces of equipment sh
NOODLES   COMPANY #871,2031 CAMERON ST,RALEIGH,27605,,1 - Restaurant,1,False,2024-12-09, chicken. This equipment is not under a hood system and accumulation of grease and debris is occurring on the ceiling; wall and shelving u
KOKI,10970 CHAPEL HILL RD ,MORRISVILLE,27560,,1 - Restaurant,1,False,2024-12-10,ere soiled with food debris and grease. Exhaust hood was soiled with accumulations of grease. Nonfood-contact surfaces shall be kept free of an accumula
WHISKY RIVER,2400 JOHN BRANTLEY BLVD ,MORRISVILLE,27560,,1 - Restaurant,1,False,2024-12-10,ng unit for storing dishes.  Intake and exhaust air ducts shall be cleaned and filters changed so they are not a source of contamination by dust;
ARMANDO'S PIZZA,103  N ARENDELL  AVE ,ZEBULON,27597,(919) 646-0042,1 - Restaurant,1,False,2024-12-10,4-602.13; Core; Cleaning is needed inside of the gaskets throughout as well as the hoods..- Nonfood contact surfaces of equipment shall be cleaned 
CHA HOUSE,1319 KILDAIRE FARM RD ,CARY,27511,(984) 465-0498,1 - Restaurant,1,False,2024-12-17,4-601.11(Core) The filters on the hood above the grill line were very duty.  Keep non food contact
N.Y. BAGELS   DELI,7909-121 FALLS OF NEUSE RD ,RALEIGH,27615,(919) 848-1310,1 - Restaurant,1,False,2024-12-17,ving throughout the facility. Removable hood vents also need cleaning. Nonfood-contact surfaces of equipment shall be cleaned 
WHOLE FOODS MARKET #10611 CULINARY,5055 ARCO ST ,CARY,27519,(984) 228-0300,1 - Restaurant,1,False,2025-01-03,ls  (C) Tracts on deli display case and hood panels at the pizza oven were soiled with food and other debris. Nonfood-contact surfaces shal
CAROLINA FISH FRY,1566 BENSON  RD ,GARNER,27529,(919) 322-2223,1 - Restaurant,1,False,2025-01-06,urfaces  (C) - Observed an accumulation grease build-up along the hood vent above the deep fryer unit. Also noted an accumulation 
PUBLIX 1551 PRODUCE,9640 LEESVILE RD ,RALEIGH,27613,(919) 848-3480,2 - Food Stands,1,False,2025-01-07, cover on the ceiling unit.  Intake and exhaust air ducts shall be cleaned and filters changed so they are not a source of contamination by dust;
RUDY'S PUB   GRILL,780 W WILLIAMS ST ,APEX,27502,(919) 303-5061,1 - Restaurant,1,False,2025-01-09,a and near warewashing area. Change the filters and clean the intake and exhaust air ducts so they are not a source of contamination by dust
JERSEY MIKE'S #3005,957 HIGH HOUSE RD ,CARY,27513,(919) 461-0660,1 - Restaurant,1,False,2025-01-09,cleaning of vents is needed. Change the filters and clean the intake and exhaust air ducts so they are not a source of contamination by dust
EL SENOR,2001 WIDEWATER PKY ,KNIGHTDALE,27545,(919) 261-0808,1 - Restaurant,1,False,2025-01-13,ing area ceiling light shields and vent hood were soiled...Physical facilities shall be kept clean...Increase clea
THE CAMBRIDGE VILLAGE AT BRIER CREEK,7901 T W ALEXANDER DR,RALEIGH,27617,(919) 808-1380,1 - Restaurant,1,False,2025-01-14,nts throughout the kitchen.  Intake and exhaust air ducts shall be cleaned and filters changed so they are not a source of contamination by dust;
BOJANGLE'S #55,151 COLLINS CROSSING RD,HOLLY SPRINGS,27540,,1 - Restaurant,1,False,2025-01-16,6-501.13 Cleaning Floors; Dustless Methods  (C) Flour build up observed on ceilings and hood in biscuit making station. 
COW BAR @ MSFH,411 W MORGAN ST ,RALEIGH,27603,(702) 544-9413,2 - Food Stands,1,False,2025-01-16,cumulate on the inner wall. Ventilation hood systems and devices shall prevent grease or condensation from collecting on EQUIPMENT; walls; and ce
BISCUITVILLE # 169,605 STELLATA DR ,FUQUAY-VARINA,27526-1946,(919) 577-6380,1 - Restaurant,1,False,2025-01-17,eaning; Frequency and Restrictions  (C) Grease running down wall to right of grill from behind hood system. Facilities shall be cleaned as often as necessary t
HARRIS CREEK ELEM. SCHOOL LUNCHROOM,3829 FORESTVILLE RD ,RALEIGH,27616,(919) 217-5100,11 - Public School Lunch,1,False,2025-01-17,6-501.12; Core; Observed dusty hood ventilation filters. Physical facilities shall be cleaned a
TASTE OF CHINA,14460 FALLS OF NEUSE RD ,RALEIGH,27614,(919) 488-3737,1 - Restaurant,1,False,2025-01-24,4-601.11(B) and (C); Core; The hood vents over the fryers have oil running down them and a slight buildup of debris. Nonfood contact surfaces shall be cleaned freq
INIS KITCHEN,624 LAKESTONE COMMONS AVE,FUQUAY-VARINA,27526,,1 - Restaurant,1,False,2025-01-27,on ceiling vents in kitchen. Intake and exhaust air ducts shall be cleaned and filters changed so they are not a source of contamination by dust;
TUPELO HONEY CAFE,425 OBERLIN ROAD,RALEIGH,27605,(919) 723-9353,1 - Restaurant,1,False,2025-01-27,d Discharge Prohibition  (C) Change the filters and clean the intake and exhaust air ducts so they are not a source of contamination by dust
SIP N SPICES,120 MORRISVILLE SQUARE WAY,MORRISVILLE,27560,(919) 234-1738,1 - Restaurant,1,False,2025-01-30,4-602.13 Nonfood Contact Surfaces  (C) Hood filters soiled with grease buildup. Nonfood contact surfaces of equipment shall be free of d
ACME PIZZA CO,204 VILLAGE WALK DR ,HOLLY SPRINGS,27540,(919) 552-8800,1 - Restaurant,1,False,2025-01-31,neath dish machine have heavy build up. Hood has dust and debris build up. Ceilings surrounding air returns in dish area and cook 
PHO 919,3504 DAVIS DR ,MORRISVILLE,27560,(919) 377-0318,1 - Restaurant,1,False,2025-01-31,4-602.13 Nonfood Contact Surfaces  (C) Hood filters soiled with heavy grease and grime build up. Labels and label residue found on clean drink pitchers.
HIBACHI JAPAN,11216 CAPITAL  BLVD ,WAKE FOREST,27587,(919) 556-8882,1 - Restaurant,1,False,2025-01-31, in back storage and mop sink areas and grease build-up on back kitchen vent hood filters...Physical facilities shall be kept clean...Increas
RAINBOW KING,12520 CAPITAL BLVD ,WAKE FOREST,27587,(919) 554-8888,1 - Restaurant,1,False,2025-02-03,floor drains; drain pipes and some vent hood filters...Physical facilities shall be kept clean...Increase clean
KOBE HIBACHI   SUSHI,515 N MAIN ST ,HOLLY SPRINGS,27540,(919) 557-1437,1 - Restaurant,1,False,2025-02-05,uipment behind cook line and underneath hood has grease accumulation. Nonfood contact surfaces shall be cleaned at 
HYATT HOUSE FOOD SERVICE,10962 CHAPEL HILL RD ,MORRISVILLE,27560,(919) 388-5355,1 - Restaurant,1,False,2025-02-06, with grease and food debris. Panels on exhaust hood were soiled with accumulations of grease. Nonfood-contact surfaces shall be kept free of an accumula
CHUAN CAFE,2004 NEW BERN AVE ,RALEIGH,27610,(919) 594-1772,1 - Restaurant,1,False,2025-02-06,4-204.11 Exhaust ventilation hood systems in food preparation and warewashing areas shall be designed to prevent grease or condensation from draining or dripping on to food; equip
KIKO JAPAN EXPRESS,1018-C SHOPPES AT MIDWAY DR ,KNIGHTDALE,27545,(919) 217-3918,1 - Restaurant,1,False,2025-02-06,ng fixtures.  6-501.12; Core - Observed soiled vent hood filters and wall and pipes behind cooking line...Physical f
EL TAPATIO #4,4511 NEW BERN AVE,RALEIGH,27610,(919) 255-9161,1 - Restaurant,1,False,2025-02-07,em) were located by kitchen ventilation hood and near food preparation and clean equipment areas...Insect control devices shall be installed
HILLCREST RALEIGH AT CRABTREE VALLEY REHAB   H,3830 BLUE RIDGE RD ,RALEIGH,27612,(919) 781-4900,16 - Institutional Food Service,1,False,2025-02-11,ils  (C); Walk in cooler fans and grill hood fans have dust building and should be cleaned. Non food contact surfaces shall be kept free of soil res
ANGUS BARN,9401 GLENWOOD AVE ,RALEIGH,27628,(919) 781-2444,1 - Restaurant,1,False,2025-02-13, areas of the Loft kitchen.  Intake and exhaust air ducts shall be cleaned and filters changed so they are not a source of contamination by dust;
BURGER KING #1094,6300 CAPITAL BLVD ,RALEIGH,27616-3048,(919) 872-6307,1 - Restaurant,1,False,2025-02-13,to ice machine in back kitchen area and soiled hood ventilation filters at fryers. Physical facilities shall be
SCOTTS RIDGE ELEMENTARY CAFETERIA,6601 APEX BARBEQUE RD ,APEX,27502,(919) 694-0300,11 - Public School Lunch,1,False,2025-02-25,has heavy dust accumulation. Intake and exhaust air ducts shall be cleaned and filters changed so they are not a source of contamination by dust;
NAOS,2800 RENAISSANCE PARK PL ,CARY,27513,,1 - Restaurant,1,False,2025-02-25,hall be cleaned: plate storage cubbies; hood panels/filters; cooling drawer cavities/interiors. Non food contact surfa
WHOLE FOODS #10338 PREPARED FOODS,8710 SIX FORKS RD ,RALEIGH,27615,(919) 354-0350,1 - Restaurant,1,False,2025-03-07, good repair.   6-501.12 Core; Observed dust accumulation on hood above grill on the line.   Physical facilities shall be cle
OKOME HOUSE,"4551 NEW BERN AVE, STE 130",RALEIGH,27610,(919) 977-3555,1 - Restaurant,1,False,2025-03-07,4-204.11; Core - One whole ventilation hood (on left) had no filters in place; and frying/cooking was taking place under hood..
WENDY'S #11590,2091 S MAIN ST ,WAKE FOREST,27587,(919) 569-2133,1 - Restaurant,1,False,2025-03-10,rds on the evaporator in the walk has a buildup of dust as well as the green rack in the hood area by the fryers .  Non-food contact surfaces shall be cl
CHINA CHEF,930 US 64 HWY W ,APEX,27523,(919) 468-8982,1 - Restaurant,1,False,2025-03-11,6-501.12; Core; Observed grease deposits on hood vent above cooktop/wok station. Physical facilities shall b
MOJO'S GRILL,2648 TIMBER DR ,GARNER,27529,(919) 662-1115,1 - Restaurant,1,False,2025-03-11,the back. Also noted an accumuoation of dust residue along the hood vents above the cooking equipment. Cleaned frequently to pr
WANG'S BISTRO,877-405 E GANNON AVE ,ZEBULON,27597,(919) 269-9788,1 - Restaurant,1,False,2025-03-13,4-602.13; Core; Minor buildup of grease on the hoods. - Nonfood contact surfaces of equipment shall be cleaned 
MOE'S SOUTHWEST GRILL,6679 FALLS OF NEUSE RD ,RALEIGH,27615,(919) 846-9274,1 - Restaurant,1,False,2025-03-17,4-602.13; Core; Frequent cleaning is needed on removable hood vents in kitchen due to the accumulated residue. Nonfood co
BOJANGLES #53,1541 SUNDAY DR ,RALEIGH,27607,(919) 322-2637,1 - Restaurant,1,False,2025-03-19,ll station. Please have cooler cleaned. Building-up observed on biscuit grill station hood and fryer station hood vent. 
HYATT PLACE CAFE,200 AIRGATE DR ,MORRISVILLE,27560,(919) 405-2400,1 - Restaurant,1,False,2025-03-19,nk; and 3-compartment sink.  Intake and exhaust air ducts shall be cleaned and filters changed so they are not a source of contamination by dust;
DALY CAFE AND PUB AT HOLIDAY INN,930 AIRPORT BLVD ,MORRISVILLE,27560,(919) 465-1910,1 - Restaurant,1,False,2025-03-24,ues and food debris. Vents on make-line exhaust were soiled with dust and grease. Nonfood-contact surfaces of equipment shall be kept free o
SCHLOTZSKY'S,906 US 64 HWY W ,APEX,27502,(919) 462-9481,1 - Restaurant,1,False,2025-03-25,ents above warewashing area. Intake and exhaust air ducts shall be cleaned and filters changed so they are not a source of contamination by dust 
JERSEY MIKE'S #3181,4205 CORNERS PKY ,RALEIGH,27617,(919) 949-1539,1 - Restaurant,1,False,2025-03-25,4-601.11 (C); Core; Observed residue buildup on the exterior of the oven and on the hood vents; also observed food debris on the exteriors of the co
WAFFLE HOUSE #1090,1006 AIRPORT BLVD ,MORRISVILLE,27560-9195,(919) 460-0388,1 - Restaurant,1,False,2025-03-27,were soiled with food debris. Make-line exhaust vent panels were soiled with grease. Blowers in reach-in coolers were soiled with dust accumula
POPEYE'S RDU JV,2400 JOHN BRANTLEY BLVD ,MORRISVILLE,27560,,1 - Restaurant,1,False,2025-03-31,eading station; and fryers.  Intake and exhaust air ducts shall be cleaned and filters changed so they are not a source of contamination by dust;
COOKOUT #55,1433 N MAIN ST ,FUQUAY-VARINA,27526,(919) 577-8088,2 - Food Stands,1,False,2025-04-11,ceiling heavy dust build-up. Intake and exhaust air ducts shall be cleaned and filters changed so they are not a source of contamination by dust;
NY PIZZA,1831 N HARRISON AVE ,CARY,27513-2408,(919) 677-8484,1 - Restaurant,1,False,2025-04-21,4-601.11(B) and (C); Core; Exhaust vent above pizza oven was soiled with dust and flour build up. Nonfood-contact surfaces shall be clean to sight and to
BIG SERGIO'S PIZZA OF APEX,2127 TEN TEN RD ,APEX,27539,(919) 303-1770,1 - Restaurant,1,False,2025-04-22,  The walk in freezer has excessive ice build up along condenser and a light is blown under the hood system. Equipment shall be kept in good repair. The PIC adv
CARY ELEMENTARY CAFETERIA,400 KILDAIRE FARM RD ,CARY,27511,(919) 460-3455,11 - Public School Lunch,1,False,2025-04-23,ved on air vents in multiple locations. Dust build up on hood filters above cook line. Physical facilities shall be maint
SUVIDHA DELI,744 HUNTER ST,APEX,27502,(919) 267-4901,2 - Food Stands,1,False,2025-05-01,imited to: refrigeration gaskets; heavy dust build up along hood system; dough mixers; dough making counter tops; hot holdin
WCC CAFE,111 COMPETITION CENTER DR ,MORRISVILLE,27560,(984) 465-4579,1 - Restaurant,1,False,2025-05-05,4-601.11(C); Core; Observed grease buildup on the hood vents above the flattop and the pizza oven.  Nonfood-contac
THE BORDER RESTAURANT,712 N MAIN ST,WAKE FOREST,27587,(919) 556-2125,1 - Restaurant,1,False,2025-05-08,Observation:  The hood has grease build up.  4-601.11 (B) and (C) Equipment; Food-Contact Surfaces;
ROSATI'S PIZZA MORRISVILLE ,3605 DAVIS DR ,MORRISVILLE,27560,(919) 380-7000,1 - Restaurant,1,False,2025-05-08,4-204.11; Core; Residue and grease buildup present on the hood above the grill; and black encrusted deposits present on an
FIRST WATCH #6036,304 GRAND HILL PL ,HOLLY SPRINGS,27540-4490,(919) 808-4603,1 - Restaurant,1,False,2025-05-12,re have heavy dust build-up. Intake and exhaust air ducts shall be cleaned and filters changed so they are not a source of contamination by dust;
LEESVILLE MIDDLE-ELEM. SCH. CAFETERIA,8406 PRIDE WAY,RALEIGH,27613-1004,(919) 870-4200,11 - Public School Lunch,1,False,2025-05-14,roughout the establishment.  Change the filters and clean the intake and exhaust air ducts so they are not a source of contamination by dust
PANERA BREAD #1642,2234 WALNUT  ST ,CARY,27511,(919) 233-2221,1 - Restaurant,1,False,2025-05-14,er film from make line refrigerator and hood to provide cleanable finish. Maintain equipment clean.
PARK ALUMNI CENTER,2450 ALUMNI DR,RALEIGH,27606,(919) 515-0554,1 - Restaurant,1,False,2025-05-14,preclude accumulation of soil residues. Hood ventilation system over grill station in need of thorough cleaning. 
SUSHI NINE,3812 WESTERN BLVD ,RALEIGH,27606,(919) 615-3100,1 - Restaurant,1,False,2025-05-19,preclude accumulation of soil residues. Hood vent system under grill line is in need of cleaning.
INDEPENDENCE VILLAGE OF OLDE RALEIGH,3113 CHARLES B ROOT WYND ,RALEIGH,27612-5379,(919) 781-8226,1 - Restaurant,1,False,2025-05-22,Ventilation Hood Systems; Adequacy  (C) Hood systems and devices shall be in sufficient number and capacity to prevent grease or condensation from collecting on equipment; walls; and ce
CHICK-FIL-A #05395,1001 S HUGHES ST,APEX,27502,(919) 303-2367,1 - Restaurant,1,False,2025-05-23,eaning; Frequency and Restrictions  (C) Grease build-up on wall above ventilation hood.  Physical facilities shall be cleaned as often as necessar
LOWES FOODS #191 DELI,9600 STRICKLAND RD ,RALEIGH,27615-1937,(919) 847-5661,2 - Food Stands,1,False,2025-05-29,01.12; Core; Observed a large amount of grease buildup on the hood; creating blackened grease drip; above the deep fryers and 
GREEK FIESTA AT CROSSROADS,319 CROSSROADS BLVD ,CARY,27518,(919) 851-7995,1 - Restaurant,1,False,2025-06-02,Frequency (C) Wall attachments near the hood are not clean. This is also where I observed the cockroach. Clean items o
LIFE CAFE POOLSIDE,8715 FALLS OF NEUSE ROAD,RALEIGH,27615,(919) 582-7000,1 - Restaurant,1,False,2025-06-06,4-601.11; Core; The hood vents and grill need cleaning. Keep non food contact surfaces of  equipment clean to a
HARRIS TEETER #311 DELI,324 VILLAGE WALK   DR ,HOLLY SPRINGS,27540,(919) 552-1596,2 - Food Stands,1,False,2025-06-11,have heavy build-up of dust. Intake and exhaust air ducts shall be cleaned and filters changed so they are not a source of contamination by dust;
CHICK-FIL-A #3448,7107 O'KELLY CHAPEL RD ,CARY,27519,(919) 466-9525,1 - Restaurant,1,False,2025-06-12,cumulations of debris below wire grate. Exhaust vent on fry lines were soiled with accumulations of grease and food debris. Nonfood-contact surfaces of equipment shal
SEA DEPOT SEAFOOD MARKET,750-G E CHATHAM ST ,CARY,27511,(919) 469-8889,2 - Food Stands,1,False,2025-06-13,Frequency and Restrictions  (Core); The hood over the fryers has grease and dusty buildup.  Maintain physical facilities clean.  
GONZA TACOS Y TEQUILA,525 NEW WAVERLY PL ,CARY,27518,(919) 653-7310,1 - Restaurant,1,False,2025-06-13,6-501.12 Cleaning (C) Front edge of the hood in the kitchen is actively dripping from condensation.  Cei
CALI COLOMBIAN RESTAURANT,5601 ATLANTIC AVE,RALEIGH,27615,(919) 424-7160,1 - Restaurant,1,False,2025-06-16,method.  6-501.12; Core - Observed vent hood filters with significant carbon/soil/grease build-up. Wall to left of cooking line was soiled...Physical faci
HARRIS TEETER #58 DELI,750 W WILLIAMS ST ,APEX,27502,(919) 362-3782,2 - Food Stands,1,False,2025-06-17,s  (C) The prep table; bread slicer; an hood panels are soiled with build up. Non food contact surfaces of equipment shall be cleaned
ALEXANDER'S MEDITERRANEAN CUISINE,263 W TIMBER DR ,GARNER,27529,(919) 779-1183,1 - Restaurant,1,False,2025-06-18,e last inspection.  6-501.14 Change the filters and clean the intake and exhaust air ducts so they are not a source of contamination by dust
BROOKDALE CARY FOOD SERVICE,7870 CHAPEL HILL RD ,CARY,27573,(919) 852-1355,16 - Institutional Food Service,1,False,2025-06-24,ill line was soiled due to a leak.  The hood filters above the grill line had residue build up and are due for cleaning.   Floors; walls; ceilings including the attachments suc
BOTECO DO BRAZIL,4214 NW CARY PKY ,CARY,27513,,1 - Restaurant,1,False,2025-06-26,CDI-Fryer and sink were cleaned today.  Hoods will be cleaned in the next few days.  
CHECKER'S PIZZA   SUBS,2720-126 LAKE WHEELER ROAD,RALEIGH,27603,(919) 821-1111,1 - Restaurant,1,False,2025-07-07,in need of thorough; detailed cleaning. Hood ventilation system over grill station with heavy residue build-up. Nonfood-contact surfaces of equipment shall be cleaned 
LA RANCHERITA MEXICAN RESTAURANT,7420 SIX FORKS  RD ,RALEIGH,27615,(919) 844-6330,1 - Restaurant,1,False,2025-07-07,4-602.13; Core; Thick grease buildup was observed on hood vents above the flattop; dust buildup on the fanguards of t
CORBETT'S BURGERS   SODA BAR,126 KILMAYNE DR ,CARY,27511,(919) 466-0055,1 - Restaurant,1,False,2025-07-11,ng and hot holding equipment underneath hood have grease and debris build up on outsides. Ceiling leaking onto top of reach in cooler
CORBETT'S BURGERS & SODA BAR,7224 GB ALFORD HWY,HOLLY SPRINGS,27540,,1 - Restaurant,1,False,2025-07-15,rea near front kitchen area. Intake and exhaust air ducts shall be cleaned and filters changed so they are not a source of contamination by dust;
FUQUAY VARINA HEALTH AND REHAB CENTER KITCHEN,410 S JUDD PKWY,FUQUAY-VARINA,27526,(919) 577-0421,16 - Institutional Food Service,1,False,2025-07-18,ir vents soiled with dust accumulation. Clean the intake and exhaust air ducts so they are not a source of contamination by dust
SHAKE SHACK #1294,310 COLONADES WAY,CARY,27518,(919) 230-9390,1 - Restaurant,1,False,2025-07-21,ted Drawer Unit in the corner under the hood is not clean.  It is currently not in use. Extensive cleaning of this re
MCDONALD'S #7811,6250 CAPITAL BLVD ,RALEIGH,27616,(919) 878-5907,1 - Restaurant,1,False,2025-07-25,d flooring under cooking equipment; and soiled vent hood filters and sink drain pipes...Physical facilities shall be
THE PICKLED ONION,8511 CANTILEVER WAY ,RALEIGH,27613,(919) 977-0031,1 - Restaurant,1,False,2025-07-28,eas but around these areas.  Intake and exhaust air ducts shall be cleaned and filters changed so they are not a source of contamination by dust;
PLEASANT UNION ELEM.SCHOOL CAFET.,1900 PLEASANT UNION CHURCH RD ,RALEIGH,27614-7103,(919) 870-4230,11 - Public School Lunch,1,False,2025-07-29,roughout the establishment.  Intake and exhaust air ducts shall be cleaned and filters changed so they are not a source of contamination by dust;
LOWES FOODS #226 BEEF SHOP,8440 LOUISBURG RD ,RALEIGH,27616,(919) 266-1031,2 - Food Stands,1,False,2025-07-31,6-501.12; Core - Observed soiled ventilation hood and filters above grill area (with significant grease build
TERRABELLA OF NORTHRIDGE KITCHEN,600 NEWTON RD ,RALEIGH,27615,(919) 848-4906,16 - Institutional Food Service,1,False,2025-08-01,he shelving in the walk-in cooler has a buildup of food residue and the vents in the hood over the cookline have a buildup of oil residue. Nonfood-co
KITCHEN ARCHIVE,2161 S WILMINGTON ST ,RALEIGH,27603,(919) 920-6309,2 - Food Stands,1,False,2025-08-06,lation hood system. Exhaust ventilation hood systems in food preparation and warewashing areas shall be designed to prevent grease or condensation from draining or dripping on to food; equip
SHEETZ #361,4801 THORTON RD,RALEIGH,27616,(919) 862-0904,1 - Restaurant,1,False,2025-08-08,nd dish washing areas were soiled. Vent hood above fryers had some grease build-up...Physical facilities shall be kept clean...Increase cle
APPLEBEE'S # 1126,7831 TARGET  CIR ,RALEIGH,27614,(919) 872-2401,1 - Restaurant,1,False,2025-08-11,torage; in walk-in freezer; ventilation hood filters; ceiling tiles and vent slates/grates (including in bathro
MOE'S #100810,8111-101 CREEDMOOR RD ,RALEIGH,27613,(919) 803-0542,1 - Restaurant,1,False,2025-08-12,od; equipment; or utensils.  Intake and exhaust air ducts shall be cleaned and filters changed so they are not a source of contamination by dust;
KATHMANDU KITCHEN,1275 NW MAYNARD RD ,CARY,27513,(919) 535-3026,1 - Restaurant,1,False,2025-08-14,as food and other debris built up.  The hood filters above the grill line need cleaning.  The doorknob above the table with the can opener and t
BOJANGLES #45,900 S MAIN ST ,ROLESVILLE,27571,(919) 453-6241,1 - Restaurant,1,False,2025-08-18,hallway leading to bathrooms. Some vent hood filters were soiled/dusty; and end of drain pipe from walk-in cooler had some slime 
CHILI'S BAR AND GRILL,3411 SUMNER BLV ,RALEIGH,27616,(919) 792-2545,1 - Restaurant,1,False,2025-08-19,oth ends of dish machine; and some vent hood filters above cooking line were soiled...Physical facilities shall be kept clean...Increase clea
TEMPLETON OF CARY,215 BRIGHTMORE DR,CARY,27518,(984) 200-3688,1 - Restaurant,1,False,2025-08-25,g around air vent in satellite kitchen. Dust build up along hood in satellite kitchen. Physical facilities shall be maintain
POPPY SEED MARKET,8801-107 LEAD MINE RD ,RALEIGH,27615,(919) 870-4997,1 - Restaurant,1,False,2025-08-28,a and the dry storage area.  Intake and exhaust air ducts shall be cleaned and filters changed so they are not a source of contamination by dust;
COURTNEY'S NY BAGEL   DELI,929 HERITAGE LAKE  RD ,WAKE FOREST,27587,(919) 453-1043,1 - Restaurant,1,False,2025-09-03,4-602.13; Core; Detailed cleaning is needed throughout the kitchen area: the hood and vents have a buildup of grease and residue; exterior of
BREAK TIME BILLIARDS,6442 TRYON RD,CARY,27518,,1 - Restaurant,1,False,2025-09-03,tion table and trash can is not clean.  Hood filters are very dusty.  Maintain physical facilities clean. 
FOOD LION #757 PRODUCE,1100-122 RALEIGH BLVD ,RALEIGH,27610,(919) 829-7077,2 - Food Stands,1,False,2025-09-10,n's restroom have build up.  Change the filters and clean the intake and exhaust air ducts so they are not a source of contamination by dust
JUMBO WINGS,2893 JONES FRANKLIN RD,RALEIGH,27606,,1 - Restaurant,1,False,2025-09-15,6-501.12 Cleaning; Frequency (C) Hood filter on the right is not used and there is grease accumulated inside the unit.  Assure hood is pulling air pr
EMPANADAS AND MORE,2107 GRACE PARK  DR ,MORRISVILLE,27560,(919) 377-0137,1 - Restaurant,1,False,2025-09-15,ling vents in the back kitchen area and grease accumulating on hood above the stove and fryers.  Physical facilities shall be c
OSHA THAI KITCHEN AND SUSHI,242 S MAIN ST,HOLLY SPRINGS,27540-9094,(984) 538-6742,1 - Restaurant,1,False,2025-09-16,on vents in kitchen ceiling. Intake and exhaust air ducts shall be cleaned and filters changed so they are not a source of contamination by dust;
NEW RAINBOW GARDEN,407 S MAIN ST ,ROLESVILLE,27571,(919) 554-8838,1 - Restaurant,1,False,2025-09-24,4-602.13; Core; Cleaning needed on hood vents to remove grease accumulation and on exterior of a fe
CHIPOTLE MEXICAN GRILL STORE # 0826,6602-3 GLENWOOD AVE ,RALEIGH,27612,(919) 781-5115,1 - Restaurant,1,False,2025-10-01,scharge Prohibition  (C) (A) Intake and exhaust air ducts shall be cleaned and filters changed so they are not a source of contamination by dust;
NEW ASIAN GARDEN,13654 CAPITAL BLVD ,WAKE FOREST,27587,(919) 554-9898,1 - Restaurant,1,False,2025-10-02,Observation:  Grease is building up on the hood. Debris is building up behind and on the outside of equipme
BABA GHANNOUJ,2468 WALNUT ST ,CARY,27518,(919) 233-0907,1 - Restaurant,1,False,2025-10-06,; not clean. Ceiling to the left of the hood is soiled; ventilation may need improvement in this area. . Trash C
MEEPLE'S BREW,821 BASS PRO LANE,CARY,27513,(919) 377-0061,1 - Restaurant,1,False,2025-10-06, ceiling HVAC vents are very dusty. The exhaust ceiling vents in both restrooms are dusty. Please clean the restroom vents to help with odor removal
CAPI'S,2700 REGENCY PKY ,CARY,27518,(919) 468-0084,1 - Restaurant,1,False,2025-10-14,urfaces  (C) Unused equipment under the hood is dusty and not used. There is a domestic black refrigerator and a
GUASACA,913 SPRING FOREST RD ,RALEIGH,27609-9119,(919) 803-6539,1 - Restaurant,1,False,2025-10-16,walk-in cooler have small dots of black residue on them and there is oil running down the inner front side and side of hood. the  Keep non food contact surfaces of  equipment clean to
KORNER CAFE FOOD COURT,4420 LAKE BOONE TRL ,RALEIGH,27607-7505,(919) 784-3401,1 - Restaurant,1,False,2025-10-16,Observation: Floors unclean in the rear kitchen under the hood system/unsused portion of kitchen. 6-501.12 Cleaning; Frequ
VERA PIZZA AND GRILL,6091  CAPITAL  BLVD ,RALEIGH,27616,(919) 301-8198,1 - Restaurant,1,False,2025-10-22,orm on door.  6-501.12; Core - Observed soiled vent hood filters; mop sink/can wash walls and basin; ceiling light s
WOK ON FIRE,1216 PARKSIDE MAIN ST ,CARY,27519,(919) 466-0888,1 - Restaurant,1,False,2025-10-29,Can opener insert and metal panel along exhaust vent were soiled with food residues and grease. Nonfood-contact surfaces shall be cleaned at a frequency n
BRUEGGERS BAGELS #143,7550-106 CREEDMOOR RD ,RALEIGH,27613,(919) 848-4902,1 - Restaurant,1,False,2025-11-03,ng vents with dust buildup.  Intake and exhaust air ducts shall be cleaned and filters changed so they are not a source of contamination by dust;
CLARK DINING HALL,221 JENSEN  DR ,RALEIGH,27695,(919) 513-4680,1 - Restaurant,1,False,2025-11-07,-in door gaskets on serving line units. Build-up observed on hood ventilation system grates over grill line.
RANDY'S PIZZA,2458 WYCLIFF RD ,RALEIGH,27607,(919) 322-5990,1 - Restaurant,1,False,2025-11-13,area as dust is accumulated. Change the filters and clean the intake and exhaust air ducts so they are not a source of contamination by dust
REMINGTON GRILL,208 CROSSROADS BLVD,CARY,27511-6892,(919) 233-1494,1 - Restaurant,1,False,2025-11-20,ntact Surfaces (C) Heat Lamps under the hood are heavily soiled.  Areas of the wood tables; benches and paper towel holde
TAYLOR'S CONVENIENCE STORE,10005 SIX FORKS RD ,RALEIGH,27615-1636,(919) 847-3069,1 - Restaurant,1,False,2025-11-24,4-601.11(C); Core; Observed food debris buildup in the reach-in freezer and grease buildup on the hood vents above the deep fryer.  Nonfood-contact surfaces of eq
THE CHA HOUSE,3604 ROGERS BRANCH,WAKE FOREST,27587,(919) 263-1879,1 - Restaurant,1,False,2025-11-25,rowth. Freezer is not currently in use. Hood filters need cleaning to remove the accumulated grease residue. Nonfood-contact surfaces of equipment shall be kept free o
HARRIS TEETER #136 DELI,9600 FALLS OF NEUSE  RD ,RALEIGH,27615,(919) 676-6614,1 - Restaurant,1,False,2025-12-01,ds inside of the coolers are collecting dust/light debris and there is a buildup of oil on hood vents and running down the front inner portion of the hood.
GOLDEN DRAGON ,2402-A HILLSBOROUGH ST ,RALEIGH,27607,(919) 834-2626,1 - Restaurant,1,False,2025-12-04, in the following areas: shelves; steel hood filters; inside and outside of reach ins; refrigerators; prep tabl
LOWES FOODS #207 MEATS   SEAFOOD,112 BASS LAKE RD ,HOLLY SPRINGS,27540,(919) 577-6971,2 - Food Stands,1,False,2025-12-08,t they have heavy build-up.  Intake and exhaust air ducts shall be cleaned and filters changed so they are not a source of contamination by dust;
GLENWOOD GRILL,2603-151 GLENWOOD AVE ,RALEIGH,27608,(919) 782-3102,1 - Restaurant,1,False,2025-12-10,ue accumulation and need to be cleaned. Hood equipment needs cleaning. Non food contact surfaces shall be kept free of soil re
URBAN ANGEETHI,5033 ARCO ST,CARY,27519,(919) 234-5555,1 - Restaurant,1,False,2025-12-10,p coolers were soiled with food debris. Exhaust vent panels were soiled with grease and food debris.Nonfood-contact surfaces shall be kept free
THE SPICECUBED GROUP/CHEF MARIO,2610 WYCLIFF RD ,RALEIGH,27607,(919) 523-2786,1 - Restaurant,1,False,2025-12-15, Core; Service line grill equipment and hood ventilation system is greasy and soiled. Food debris present on bottom of prep tables throughout 
FLAVORS OF INDIA,6715 HILLSBOROUGH ST,RALEIGH,27606,(919) 900-7334,1 - Restaurant,1,False,2025-12-17,preclude accumulation of soil residues. Dust/residue build-up on hood ventilation system over grill line. Cleaning scheduled for 
RALEIGH STEAK ESCAPE,4325 GLENWOOD AVE ,RALEIGH,27511,(919) 786-0404,2 - Food Stands,1,False,2025-12-17,Observation: The grease catch pan ont he hood system is missing and allowing for grease to drip side of g
THAIPHOON BISTRO,7496 CREEDMOOR RD,RALEIGH,27613,(919) 917-7988,1 - Restaurant,1,False,2025-12-29,4-601.11(C); Core; Observed dark grease buildup on the hood vents.  Nonfood-contact surfaces of equipment shall be kept
WENDY'S #1344,6611 GLENWOOD AVE ,RALEIGH,27612,(919) 728-1065,1 - Restaurant,1,False,2025-12-31, UTENSILS or EQUIPMENT Observation: The hood system over the drive through cooking unit is no longer working allowing for grease accumulation and steam observed dripping form counters onto
BRIG'S GREAT BEGINNINGS,8111 CREEDMOOR RD ,RALEIGH,27613,(919) 870-0994,1 - Restaurant,1,False,2026-01-09,the long; metal prep table.  Intake and exhaust air ducts shall be cleaned and filters changed so they are not a source of contamination by dust;
PINEAPPLE SOL,302 COLONADES WAY,CARY,27518,(919) 746-0888,1 - Restaurant,1,False,2026-01-13,handled and food is prepared.  6-501.14 Hood Filters on the far right above the flat top grill are coating in a
DEVILS RIDGE GOLF CLUB,5107 LINKSLAND DR ,HOLLY SPRINGS,27540,(919) 557-6100,1 - Restaurant,1,False,2026-01-14,ents over cook area have black residue. Clean the intake and exhaust air ducts so they are not a source of contamination by dust
WHITE STORY CAFE,113 S. WHITE ST,WAKE FOREST,27587,,1 - Restaurant,1,False,2026-01-21,Observation:  Grease debris is building up on the hood.  4-601.11(C ) Keep non food contact surfaces of  equipment
FOOD LION #2227 DELI,161 CRENSHAW CORNERS DR ,WAKE FOREST,27587,(919) 569-0089,2 - Food Stands,1,False,2026-01-23,Obseravation:  Grease and debris are building up on hood and on equipment below the hood.  4-601.11(C ) Keep non food contact surfaces of  equipment
CHOPSTIX,5607 CREEDMOOR RD ,RALEIGH,27612,(919) 781-6268,1 - Restaurant,1,False,2026-01-28, expo line areas have debris; The metal filters on the hood system are accumulated with grease - Increase clenaing freq
TIGER SUGAR,1969 HIGH HOUSE RD,CARY,27519,,1 - Restaurant,1,False,2026-01-30,6-501.12; Core; Hood vents above fryer station have heavy grease residue accumulation. Physical facilities shall be maintained clean
PANDA WOK,8521  CANTILEVER WAY ,RALEIGH,27613,(919) 792-2588,1 - Restaurant,1,False,2026-02-03,4-602.13; Core; Observed buildup of grease on the hood vent inserts.  Nonfood-contact surfaces of equipment shall 
PERRY CREEK HEALTH AND REHAB CTR FOODSERVICE,5201 CLARKS FORK DR NW,RALEIGH,27616,(919) 872-7033,16 - Institutional Food Service,1,False,2026-02-13,torage areas; soiled floor drains; vent hood filters and some walls...Physical facilities shall be kept clean..
DAVIS DRIVE MIDDLE SCH. CAFETERIA,2101 DAVIS DR,CARY,27519-9276,(919) 387-3038,11 - Public School Lunch,1,False,2026-02-16,; Core; Tops of cooking equipment under hood vent are soiled with dust accumulation. Nonfood-contact surfaces of equipment shall b
FOOD LION #247 DELI,4510 CAPITAL BLV ,RALEIGH,27604-4353,(919) 876-8126,2 - Food Stands,1,False,2026-02-18,nd Discharge Prohibition.(A) Intake and exhaust air ducts shall be cleaned and filters changed so they are not a source of contamination by dust;
ARBY'S #7668,2104 S MAIN ST ,WAKE FOREST,27587,(919) 556-6724,1 - Restaurant,1,False,2026-02-19,Observation:   Debris and grease are building up behind equipment and on the hood. Ceiling tiles have microbial build up due to leaking ceili
HARRIS TEETER #43 DELI,3638 ROGERS RD ,WAKE FOREST,27587,(919) 562-9521,2 - Food Stands,1,False,2026-02-20,4-602.13; Core; Hood filters have a thick accumulation of residue above the sushi prep area. Non food contact surfaces of equ
SONIC DRIVE IN #4809,12508 CAPITAL BLVD ,WAKE FOREST,27587,(919) 562-2259,1 - Restaurant,1,False,2026-02-24,Observation:  The hood and outside of equipment has grease and debris build up. Grease and food debris are building up behind the fryer
PUBLIX #1652  DELI,417 W PEACE ST,RALEIGH,27603-1133,(919) 755-5444,2 - Food Stands,1,False,2026-02-24,hat are not in use at sub station); the hood vents over the chicken fryers have a buildup of oil and debris; the clean dish rack needs and other sh
DANNY'S BARBEQUE,311 ASHVILLE AVE ,CARY,27518,(919) 851-5541,1 - Restaurant,1,False,2026-02-24,f the wall are soiled or dusty.  Remove grease from the wall and pipe to the left of the hood.  Remove dust from the wall to the right of the Metro holdi
SERAFINA RISTORANTE,126 N SALEM ST,APEX,27502,(919) 267-4785,1 - Restaurant,1,False,2026-02-24,eaning; Frequency and Restrictions  (C) Hood panels and tile walls at the cookline are soiled. Physical facilities shall be cleaned as often necessary 
CHARLIE'S KABOB GRILL,12235 CAPITAL BLVD ,WAKE FOREST,27587,(919) 554-0938,1 - Restaurant,1,False,2026-02-24,Observation:  Grease and debris are building up on the hood above flat top grill.  4-601.11(C ) Keep non food contact s
SMOOTHIE KING #1662,4212 LASSITER RD,HOLLY SPRINGS,27540-4301,,2 - Food Stands,1,False,2026-02-25, have heavy buildup of dust. Change the filters and clean the intake and exhaust air ducts so they are not a source of contamination by dust
HARRIS TEETER #422 DELI,120-100 ST ALBANS  DR ,RALEIGH,27609,(919) 781-4165,1 - Restaurant,1,False,2026-02-25, Utensils  (C); Piping underneath grill hood has grease residue buildup and should be cleaned. Non food contact surfaces shall be kept free of soil res
JET'S PIZZA NC05,8365 CREEDMOOR RD ,RALEIGH,27613,(919) 845-3337,2 - Food Stands,1,False,2026-03-10,4-601.11(C); Core; Observed some brown buildup on the hood over the pizza oven.  Nonfood-contact surfaces of equipment
DQ GRILL   CHILL #24227,2105 TEN TEN RD ,APEX,27539,(919) 387-3809,1 - Restaurant,1,False,2026-03-16,p lids are soiled with food debris. The hood filter panels are soiled with heavy grease and grime accumulation. Non food contact surfaces of equipm
CARLIE C'S DELI,4111 NEW BERN  AVE ,RALEIGH,27610,(919) 250-7876,2 - Food Stands,1,False,2026-03-19,sides have buildup of debris/soils. The hoods have buildup. - Equipment nonfood contact surfaces shall be kept clean
SONIC DRIVE-IN #3975,700 CAYMAN AVE ,HOLLY SPRINGS,27540,(919) 567-2555,1 - Restaurant,1,False,2026-03-20,nt above table in back area. Intake and exhaust air ducts shall be cleaned and filters changed so they are not a source of contamination by dust;
BEN GONG'S TEA,4141 DAVIS DRIVE,MORRISVILLE,27560,(919) 985-5466,1 - Restaurant,1,False,2026-04-02,ood Contact Surfaces; and Utensils  (C) Exhaust vent covers were soiled with food debris above fryer. Nonfood-contact surfaces sh
HARRIS TEETER #367 DELI,14520 JOHN REX BLVD ,RALEIGH,27614,(919) 554-4167,2 - Food Stands,1,False,2026-04-02,f storage cabinets through out kitchen. Dust is building up on the outside of the hood and vents.  4-601.11(C ) Keep non food contact surfaces of 
CHOP SHOP,210 E SIX FORKS RD ,RALEIGH,27609,(919) 696-4603,2 - Food Stands,1,False,2026-04-02,accumulations. Discussed with PIC about hood stacks cleaning schedule.
HARDEE'S #1655,1560 N BROAD ST ,FUQUAY-VARINA,27526,(919) 552-9772,1 - Restaurant,1,False,2026-04-06,iling vents black and dusty. Intake and exhaust air ducts shall be cleaned and filters changed so they are not a source of contamination by dust;
JUMBO CHINA RESTUARANT ,1518 BROAD ST ,FUQUAY-VARINA,27526-8363,(919) 577-7098,1 - Restaurant,1,False,2026-04-06,d Discharge Prohibition  (C) Intake and exhaust air ducts shall be cleaned and filters changed so they are not a source of contamination by dust;
NEOMONDE MEDITERRANEAN,3817 BERYL RD ,RALEIGH,27607-5244,(919) 828-1628,1 - Restaurant,1,False,2026-04-13,preclude accumulation of soil residues. Hood ventilation system over grill line is in need of cleaning. 
THE PARKWAY TAVERN,982 HIGH HOUSE RD,CARY,27513,(919) 234-0018,1 - Restaurant,1,False,2026-04-13,Frequency and Restrictions  (Core); The hood covers above the convection oven are very dusty.  Ensure physical facilities are clean.
DUNKIN' #348561,8201 CREEDMOOR RD ,RALEIGH,27613,(919) 847-0245,1 - Restaurant,1,False,2026-04-14,roughout the establishment.  Intake and exhaust air ducts shall be cleaned and filters changed so they are not a source of contamination by dust;
HOOTERS,4206 OLD WAKE FOREST RD,RALEIGH,27609,,1 - Restaurant,1,False,2026-04-15, Trash and other items in floor drains. Grease build up in hoods. Walls and floors dirty. Facility shall be cleaned as ofte
ARBY'S #6151,6308 CAPITAL BLVD,RALEIGH,27604,(919) 954-6185,1 - Restaurant,1,False,2026-04-17,its and soiled ceiling tiles. Some vent hood filters and ceiling vent grates were soiled/dusty...Physical facilities shall be kept clean...Increase clean
TEN SECONDS,986 HIGH HOUSE RD ,CARY,27513,(919) 264-9302,1 - Restaurant,1,False,2026-05-01,Frequency and Restrictions  (Core); The hood and filters above the grill line is heavily soiled with grease and dust.  Maintain physical facilities clean.  Clean the hood and f
HALAL PITA MEDITERRANEAN GRILL,"5260 CAPITAL BLVD, STE 101",RALEIGH,27616,(919) 431-6500,1 - Restaurant,1,False,2026-05-01,king faucet.  6-501.12; Core - Observed soiled ventilation hood filters; gas pipes behind cooking line; ceiling vents in ba
NORTH RIDGE PUB,6010-B FALLS OF NEUSE RD ,RALEIGH,27609,(919) 981-6005,1 - Restaurant,1,False,2026-05-07,elving above hot holding unit and grill hood exterior have dust buildup and should be cleaned. Non food contact surfaces shall be kept free of soil res
CHIPOTLE #3024,1385 N MAIN ST ,FUQUAY-VARINA,27526,(919) 567-0206,1 - Restaurant,1,False,2026-05-11,preclude accumulation of soil residues. Hood ventilation system over grill line is in need of cleaning. Grease deposits and staining visible on tiling. 
THE GYRO SPOT,1005 E BROAD ST ,FUQUAY-VARINA,27526,(919) 285-3608,1 - Restaurant,1,False,2026-05-12,oor under equipment on cook line. Minor dust accumulation along hood outside. Physical facilities shall be cleaned at a frequenc
SASSOOL,9650 STRICKLAND RD ,RALEIGH,27615,(919) 847-2700,1 - Restaurant,1,False,2026-05-12,6-501.12; Core; Observed some grease buildup on the hood vents and dust buildup on the ceiling vents.  Floors; walls
BOMBAY CENTRAL CAFE   GROCERY,1910 FALLS VALLEY DR,RALEIGH,27615,(919) 977-3883,1 - Restaurant,1,False,2026-05-12,4-601.11(C ); Core; The hood vents and insides of the oven need cleaning due to food debrKeep non food contact surfaces of  equip
SUPER WOK,1401-L SE MAYNARD RD ,CARY,27511,(919) 388-8338,1 - Restaurant,1,False,2026-05-14,Frequency and Restrictions  (Core); The hood filters above the grill line are heavily soiled.  Maintain facilities clean.  Clean the hoods.
JUBALA COFFEE,200 PARK AT NORTH HILLS ST,RALEIGH,27609,(919) 200-5048,1 - Restaurant,1,False,2026-05-19, contact surfaces of many dishes. Grill hood has buildup on the grates. Non food contact surfaces shall be maintai
KING WOK,7405 SUNSET LAKE RD ,FUQUAY-VARINA,27526,(919) 577-6852,1 - Restaurant,1,False,2026-05-19,3 Nonfood Contact Surfaces  (C) General cleaning needed including moving the microwave and tray stored opposite the hood.  Clean the door to the walk-in cooler.  Clean the 3-compar
PTA OF WAKE FOREST,12277 CAPITAL BLVD ,WAKE FOREST,27587-6200,(919) 554-1400,1 - Restaurant,1,False,2026-05-20, up below all equipment in the kithcen. Grease and dust are building up on the hood and outside of fryers. The floor drains need to be sanitize
NAZARA INDIAN BISTRO,1945 HIGH HOUSE RD ,CARY,27519,(919) 694-5353,1 - Restaurant,1,False,2026-05-27, noted around vent entrance. Change the filters and clean the intake and exhaust air ducts so they are not a source of contamination by dust
TIOS PIZZA EMPANADAS   WINGS,2916 N MAIN ST,FUQUAY-VARINA,27526,(919) 762-0095,1 - Restaurant,1,False,2026-05-27,zza making station; not under the hood. Hood systems and devices shall be in sufficient number and capacity to prevent grease or condensation from collecting on equipment; walls; and ce
CHAR-GRILL CARY,3635 SW CARY PKY ,CARY,27513,(919) 461-7112,1 - Restaurant,1,False,2026-05-27,rved with dust accumulation. Change the filters and clean the intake and exhaust air ducts so they are not a source of contamination by dust
LONGHORN STEAKHOUSE #277,1411 BEAVER CREEK COMMONS DR ,APEX,27502,(919) 303-4889,1 - Restaurant,1,False,2026-06-02,. Clean ventilation systems; change the filters and clean the intake and exhaust air ducts so they are not a source of contamination by dust
BACKFINS CRABHOUSE,1009-100 STADIUM DR ,WAKE FOREST,27587,(919) 562-8500,1 - Restaurant,1,False,2026-06-03,Observation:  Dust is building up on hood. Debris is building up on warewash machine and 3 comp sink.
DURANT ROAD MIDDLE SCHOOL CAFETERIA,10401 DURANT RD ,RALEIGH,27614-9706,(919) 518-0103,11 - Public School Lunch,1,False,2026-06-05,4-601.11(C ); Core; There is a buildup of dust/debris on the hood vents and inner rim of the front of the hoods. Keep non food contact surfaces of  equipment clean to avo
HAYES BARTON CAFE   DESSERTERY,2000 FAIRVIEW RD ,RALEIGH,27608-2316,(919) 856-8551,1 - Restaurant,1,False,2026-06-11,oast breads. This equipment is creating grease vapors and should be held under a hood system. Hood systems and devices shall be in sufficient num
UDUPI CAFE,590 E CHATHAM ST ,CARY,27511,(919) 465-0898,1 - Restaurant,1,False,2026-06-15,3 Nonfood Contact Surfaces  (Core); The hood filters above the grill line were moderately soiled with dust and grease.  Exterior of the bulk food containers were lightly soiled.
LITCHFORD FALLS HEALTH AND REHABILITATION KITCHEN,8200 LITCHFORD RD ,RALEIGH,27615,(919) 878-7772,16 - Institutional Food Service,1,False,2026-06-18,s and other kitchen areas. Several vent hood filters had grease/soil build-up. Physical facilities shall be kept clean. Increase clean
THE CARY PUB,6454  TRYON  RD ,CARY,27518,(919) 859-1070,1 - Restaurant,1,False,2026-06-24,ehind the ice machine.  Exterior of the hood and ceiling is soiled.  Assure grease is properly directed with use of the hood
SARKU JAPAN,4325-2053 GLENWOOD AVE ,RALEIGH,27612,(919) 881-1130,2 - Food Stands,1,False,2026-06-25,d Discharge Prohibition  (C) Change the filters and clean the intake and exhaust air ducts so they are not a source of contamination by dust
THAI BISTRO,4325-2039 GLENWOOD AVE ,RALEIGH,27612,(919) 771-7933,2 - Food Stands,1,False,2026-06-26,ation: The ventilation catch pan on the hood system is missing on one side - Replace catch pan to ensure grease doe snot drip down the rear wall. 4-204.11 Ventilation Hood Systems; Drip
FOOD LION #938 DELI ,517 N MAIN ST ,HOLLY SPRINGS,27540-9397,(919) 557-1175,2 - Food Stands,1,False,2026-07-06,/ceiling in deli prep area.  Intake and exhaust air ducts shall be cleaned and filters changed so they are not a source of contamination by dust;
NYBD III,2050 KILDAIRE FARM RD ,CARY,27518,(919) 851-9050,1 - Restaurant,1,False,2026-07-07,uency (C) Floor needs cleaning.  Remove dust accumulating outside the hood on the right side. 
BENNY'S BILLIARDS AND SPORTS BAR,932 NE MAYNARD RD,CARY,27513,,1 - Restaurant,1,False,2026-07-07,ing; Frequency and Restrictions  (Core) Hoods above grill and fryers were dusty and soiled.  Floor and walls need cleaning; especially near equipmen
THE BREAKFAST BAR,"5959 TRIANGLE TOWN BLVD, STE FC1112",RALEIGH,27616,(984) 304-9131,2 - Food Stands,1,False,2026-07-08,s above.   6-501.12; Core - Ventilation hood filters above cooking area were soiled with grease build-up; and some ceiling vent grates were dusty. Physical facil
VIVO RISTORANTE,7400 SIX FORKS RD SUITE 2,RALEIGH,27615,(919) 845-6700,1 - Restaurant,1,False,2026-07-13, debris; some of the light bulbs in the hood need cleaning; food debris is frozen in the ice at the bottom of the d
SCHIANO'S PIZZA PASTA WINGS,948 GATEWAY COMMONS CIRCLE,WAKE FOREST,27587,(919) 263-9177,1 - Restaurant,1,False,2026-07-14,Observatoion:  Grease is building up on the hood. Debris is building up below equipment.  4-601.11(C)  NonFO
QDOBA MEXICAN EATS #8014,210A HINTON OAKS,KNIGHTDALE,27545,(919) 217-4690,1 - Restaurant,1,False,2026-07-17,4-602.13; Core; Cleaning is needed on gaskets and hoods in the make line area.- Equipment nonfood contact surfaces
THE PICKLED ONION LAFAYETTE,8470 HONEYCUTT ROAD,RALEIGH,27615,(919) 418-1113,1 - Restaurant,1,False,2026-07-17,4-601.11(C ); Two bulbs in the hood need clean. Keep non food contact surfaces of  equipment clean to avoi
FIVE GUYS #2157,801 S MAIN ST,ROLESVILLE,27571,,1 - Restaurant,1,False,2026-07-20, easy clean.  6-501.12; Core - Observed soiled/grease build-up inside vent hood and soiled flooring/baseboards in back kitchen in mop sink/
PIZZA HUT,10911 RAVEN RIDGE SUITE 111,RALEIGH,27614,(919) 847-7377,1 - Restaurant,1,False,2026-07-22,zza cooler vent; the light globe in the hood over the fryer has a buildup of oil and dust; the green racks over the prep cooler;  by the walk-in cool
FOOD LION #757 DELI,1100-122 RALEIGH BLVD ,RALEIGH,27610-1076,(919) 829-7077,2 - Food Stands,1,False,2026-07-23,s restroom has build up. (A) Intake and exhaust air ducts shall be cleaned and filters changed so they are not a source of contamination by dust;
HERITAGE LAKE POOL BAR   GRILL,804 HERITAGE LAKE RD,WAKE FOREST,27587,(919) 796-2464,2 - Food Stands,1,False,2026-07-27,4-602.13; Core; Hood filters had an accumulation of grease; stand fan had an accumulation of dust; and backsplash of f
MANHATTAN PIZZA,9660-133 FALLS OF NEUSE RD ,RALEIGH,27615,(919) 847-3995,1 - Restaurant,1,False,2026-07-27,ldup of food residue; the inside of the hood has a buildup of oil residue; the fan guards on the evaporator in the walk-in cooler hav
PANDA KING,3626 ROGERS RD ,WAKE FOREST,27587,(919) 554-9666,1 - Restaurant,1,False,2026-07-28,4-602.13; Core; Hood filters have an accumulation of residue. Non food contact surfaces of equipment shall be cleaned at
LITTLE ITALY PIZZERIA,5959 TRIANGLE TOWN BLVD,RALEIGH,27616,(984) 370-9222,2 - Food Stands,1,False,2026-07-29,le grout.  6-501.12; Core - Ventilation hood filters above kitchen cooking line and pizza oven were dusty; and ice machine vents were dusty. Some flooring under equ
SONIC DRIVE IN #6020,1925 S MAIN ST ,WAKE FOREST,27587,(919) 554-1209,1 - Restaurant,1,False,2026-07-30,ly sealed boxes in the walk-in freezer. Cleaning needed on hood filters to remove the accumulated residue. Deep cleaning ne
RED ROBIN #573,11420 CAPITAL  BLVD ,WAKE FOREST,27587,(919) 562-0276,1 - Restaurant,1,False,2026-08-03,the cooler that holds clean plates. The hood has dust building up on it.  4-601.11(C)  NonFOOD-CONTACT SURFACES of EQUI
BURRITO SHAK,2982 KILDAIRE FARM RD,CARY,27518,(919) 267-6772,1 - Restaurant,1,False,2026-08-04, shelves throughout.  Shelves under the hood with the chips are rusty and not clean.   Maintain equipment clean. 
SAIGON PHO VIETNAMESE CUISINE,3310 CAPITAL  BLVD,RALEIGH,27604,(919) 803-4048,1 - Restaurant,1,False,2026-08-05,o be removed from operation. - Observed dust accumulation on the hood cover and wall above it.  Discussed the matter with PIC.  
TOYAR'S BBQ   HOT POT RESTAURANT,4075 DAVIS DR ,MORRISVILLE,27560,(919) 412-8078,1 - Restaurant,1,False,2026-08-10,iled with accumulations of food debris. Exhaust vent panels had accumulations of grease and other debris. Nonfood-contact surfaces shall be kept fr
THIRD EYE MOMO   GRILL,10110 GREEN LEVEL CHURCH RD,CARY,27519,(919) 353-3555,1 - Restaurant,1,False,2026-08-12, freezers were soiled with food debris. Exhaust vent panels were soiled with accumulations of food debris and grease. Nonfood-contact surfaces shall be kept free of an accumula
S   E CATERING,3401 CARL SANDBURG COURT,RALEIGH,27610,(919) 212-8580,2 - Food Stands,1,False,2026-08-13,s and women's restrooms. (A) Intake and exhaust air ducts shall be cleaned and filters changed so they are not a source of contamination by dust 
APEX MARKET,1720 OLIVE CHAPEL RD,APEX,27502,,2 - Food Stands,1,False,2026-08-13,n AC vent above prep cooler. Intake and exhaust air ducts shall be cleaned and filters changed so they are not a source of contamination by dust;
REX HOSPITAL CAFETERIA,4420 LAKE BOONE TRL ,RALEIGH,27607-6599,(919) 784-4173,1 - Restaurant,1,False,2026-08-17,Ventilation Hood Systems; Adequacy  (C) Hood systems shall prevent grease or condensation from collecting on EQUIPMENT; walls; and ce
TACO BELL,1384 N MAIN ST ,FUQUAY-VARINA,27526-2617,(919) 557-5283,1 - Restaurant,1,False,2026-08-24,ith minor dust buildup.  (A) Intake and exhaust air ducts shall be cleaned and filters changed so they are not a source of contamination by dust;
VAISHNO BHOG,810 E CHATHAM ST ,CARY,27560,(919) 678-3172,1 - Restaurant,1,False,2026-08-24,Frequency and Restrictions  (Core); The hood filters above the grill line are very dusty.  Maintain physical facilities clean.  Clean the filters. 
CARLIE C'S DELI #810,506 W GANNON AVE ,ZEBULON,27579,(919) 269-4111,1 - Restaurant,1,False,2026-08-25,4-602.13; Core; The hoods and tracks of hot hold/ cold hold display case sliding doors need detail cleaning.- Nonfood contact surfaces of equipment shall be cleaned
CHIPOTLE #5858,3905 CAPITAL BLVD,RALEIGH,27604,(864) 360-5619,1 - Restaurant,1,False,2026-08-26,inside the raw chicken prep cooler. The hood stacks (above the grill area) have heavy grease buildup. Discussed the matter with PIC. 
ANJAPPAR,101 LEDGESTONE WAY ,CARY,27519,,1 - Restaurant,1,False,2026-08-27,ezer floor is soiled with food residue. Hood vents and ancillary fire suppression system above cookline is coated in grease and visible residue. Physical facilities shall be kept clea
